-- sql rodrigo
DROP SCHEMA IF EXISTS `paresp`;
CREATE SCHEMA IF NOT EXISTS `paresp` DEFAULT CHARACTER SET utf8;
USE `paresp`;

-- Necessário para que o comando UPDATE (se usado) funcione sem restrições
SET SQL_SAFE_UPDATES = 0;

-- -----------------------------------------------------
-- Tabela `administrador`
-- -----------------------------------------------------
CREATE TABLE IF NOT EXISTS `administrador` (
  `pk_cod_admin` INT(4) NOT NULL AUTO_INCREMENT,
  `senha` VARCHAR(60) NOT NULL, -- Tamanho para hash BCrypt
  `telefone` CHAR(11) NULL,
  `nome` VARCHAR(45) NOT NULL,
  
  PRIMARY KEY (`pk_cod_admin`)
) ENGINE = InnoDB;

-- -----------------------------------------------------
-- Tabela `escola`
-- -----------------------------------------------------
CREATE TABLE IF NOT EXISTS `escola` (
  `pk_cod_escola` INT(6) NOT NULL,
  `nome` VARCHAR(45) NOT NULL,
  `serie` VARCHAR(3) NOT NULL,
  PRIMARY KEY (`pk_cod_escola`)
) ENGINE = InnoDB;

-- -----------------------------------------------------
-- Tabela `aluno` (INCLUI data_vacinacao)
-- -----------------------------------------------------
CREATE TABLE IF NOT EXISTS `aluno` (
  `pk_cod_pessoa` INT(6) NOT NULL AUTO_INCREMENT,
  `fk_cod_admin` INT(4) NOT NULL,
  `fk_cod_escola` INT(6) NOT NULL,
  `cpf` CHAR(11) NOT NULL,
  `data_acolhimento` DATE NOT NULL,
  `form_acesso` VARCHAR(15) NOT NULL,
  `vacinacao` TINYINT(1) NOT NULL,
  `data_vacinacao` DATE NULL, -- NOVA COLUNA: Data específica da última vacina
  `termo_imagem` TINYINT(1) NOT NULL,
  `turno` VARCHAR(6) NOT NULL,
  `transporte` VARCHAR(45) NULL,
  `data_nasc` DATE NOT NULL,
  `proj_ferias` TINYINT(1) NOT NULL,
  `nome` VARCHAR(45) NOT NULL,
  `sexo` CHAR(1) NOT NULL,
  `tamanho_vest` VARCHAR(3) NOT NULL,
  `tamanho_calc` INT(2) NOT NULL,
  `turma` VARCHAR(3) NULL,
  `num_nis` CHAR(11) NULL,
  `med_paresp` VARCHAR(45) NULL,
  `alergias` VARCHAR(45) NULL,
  `observacoes` VARCHAR(45) NULL,
  `intervencoes` VARCHAR(45) NULL,
  `evolucoes` VARCHAR(1000) NULL, -- Aumentado o tamanho do varchar pois as string eram maior que o limite maximo
  `status` INT(1) NOT NULL,
  PRIMARY KEY (`pk_cod_pessoa`),
  UNIQUE INDEX `cpf_UNIQUE` (`cpf` ASC),
  CONSTRAINT `fk_aluno_administrador`
    FOREIGN KEY (`fk_cod_admin`)
    REFERENCES `administrador` (`pk_cod_admin`)
    ON DELETE NO ACTION
    ON UPDATE NO ACTION,
  CONSTRAINT `fk_aluno_escola`
    FOREIGN KEY (`fk_cod_escola`)
    REFERENCES `escola` (`pk_cod_escola`)
    ON DELETE NO ACTION
    ON UPDATE NO ACTION
) ENGINE = InnoDB;

-- -----------------------------------------------------
-- Tabela `familia` (INCLUI anotacoes)
-- -----------------------------------------------------
CREATE TABLE IF NOT EXISTS `familia` (
  `pk_cod_familia` INT(6) NOT NULL AUTO_INCREMENT,
  `fk_cod_pessoa` INT(6) NOT NULL,
  `qnt_integrantes_fam` INT(2) NOT NULL,
  `renda_familiar_total` DECIMAL(8,2) NOT NULL,
  `bolsa_familia` DECIMAL(8,2) NULL,
  `endereco_familia` VARCHAR(100) NOT NULL, -- Aumentado o tamanho do varchar pois as string eram maior que o limite maximo
  `bairro_familia` VARCHAR(20) NOT NULL,
  `residencia` VARCHAR(30) NOT NULL, -- Aumentado o tamanho do varchar pois as string eram maior que o limite maximo
  `valor_aluguel` DECIMAL(8,2) NULL,
  `telefone_familia` CHAR(15) NOT NULL, -- Aumentado o tamanho do varchar pois as string eram maior que o limite maximo
  `anotacoes` VARCHAR(255) NULL, -- NOVA COLUNA: Anotações sobre a família
  PRIMARY KEY (`pk_cod_familia`),
  CONSTRAINT `fk_familia_aluno`
    FOREIGN KEY (`fk_cod_pessoa`)
    REFERENCES `aluno` (`pk_cod_pessoa`)
    ON DELETE NO ACTION
    ON UPDATE NO ACTION
) ENGINE = InnoDB;

-- -----------------------------------------------------
-- Tabela `integrante_familia` (INCLUI anotacoes)
-- -----------------------------------------------------
CREATE TABLE IF NOT EXISTS `integrante_familia` (
  `pk_cod_integrante` INT(4) NOT NULL AUTO_INCREMENT,
  `fk_cod_familia` INT(6) NOT NULL,
  `nome` VARCHAR(45) NOT NULL,
  `cpf` CHAR(11) NULL, -- alterado pois tem crianças que não tem o cpf do pai ou mãe
  `parentesco` VARCHAR(45) NULL,
  `vinculo_afetivo` TINYINT(1) NOT NULL,
  `ocupacao` VARCHAR(45) NULL,
  `endereco` VARCHAR(255) NULL, -- Aumentado o tamanho do varchar pois as string eram maior que o limite maximo
  `telefone` CHAR(15) NULL, -- Aumentado o tamanho do varchar pois as string eram maior que o limite maximo
  `resp_legal` TINYINT(1) NOT NULL,
  `pessoa_autorizada` TINYINT(1) NOT NULL,
  `anotacoes` VARCHAR(255) NULL, -- NOVA COLUNA: Anotações sobre o integrante
  PRIMARY KEY (`pk_cod_integrante`),
  CONSTRAINT `fk_integrante_familia_familia`
    FOREIGN KEY (`fk_cod_familia`)
    REFERENCES `familia` (`pk_cod_familia`)
    ON DELETE NO ACTION
    ON UPDATE NO ACTION
) ENGINE = InnoDB;

-- -----------------------------------------------------
-- DADOS INICIAIS (Administrador e Escolas)
-- -----------------------------------------------------
INSERT INTO administrador (pk_cod_admin, senha, telefone, nome)
VALUES (1, '$2a$10$8upSGyqoGbOXkRdgIX2QoOxmyK/u56Dq66OdGfmmYcQ0H9uODrw6e', '51999999999', 'Admin Principal'); -- Senha: 12345678

INSERT INTO escola (pk_cod_escola, nome, serie) VALUES 
(1, 'EMEF DOIS IRMÃOS', 'PB'),
(2, 'EMEF DOIS IRMÃOS', '2º'),
(3, 'EMEF DOIS IRMÃOS', '4º'),
(4, 'EMEF DOIS IRMÃOS', '5º'),
(5, 'EMEF DOIS IRMÃOS', '6º'),
(6, 'EMEF DOIS IRMÃOS', '8º'),
(7, 'EMEF BRANDS', '4º'),
(8, 'EMEF BRANDS', '6º'),
(9, 'EMEF BRANDS', '3º'),
(10, 'EEEF BRÍGIDA FAGUNDES', '3º'),
(11, 'EEEF BRÍGIDA FAGUNDES', '2º'),
(12, 'EEEF BRÍGIDA FAGUNDES', '7º'),
(13, 'EEEF BRÍGIDA FAGUNDES', '4º'),
(14, 'EEEF BRÍGIDA FAGUNDES', '1º'),
(15, 'EEEF PROFESSORA LEONTINA', '5º'),
(16, 'APAE', 'NII'),
(17, 'APAE', 'NI'),
(18, 'EMEF CIDADE NOVA', '4º'),
(19, 'EMEF CIDADE NOVA', '8º'),
(20, 'EMEF CIDADE NOVA', '1º'),
(21, 'EEEF 11 DE MAIO', '6º'),
(22, 'EEEF 11 DE MAIO', '7º'),
(23, 'EEEF 11 DE MAIO', '3º'),
(24, 'EEEF 11 DE MAIO', '1º'),
(25, 'EEEF 11 DE MAIO', 'PB'),
(26, 'EMEF MACEDO', '8º'),
(27, 'EMEF MACEDO', '4º'),
(28, 'EMEF MACEDO', '6º'),
(29, 'EMEF MACEDO', '5º'),
(30, 'EMEF MACEDO', 'CE'),
(31, 'EEEM MONTE DAS TABOCAS', '8º'),
(32, 'EEEM MONTE DAS TABOCAS', '4º'),
(33, 'EEEM MONTE DAS TABOCAS', '6º'),
(34, 'EEEM MONTE DAS TABOCAS', '7º'),
(35, 'EMEF ODILA ROSA SCHERER', '7º'),
(36, 'EMEF ODILA ROSA SCHERER', '2º'),
(37, 'EMEF ODILA ROSA SCHERER', '5º'),
(38, 'EMEF ODILA ROSA SCHERER', '3º'),
(39, 'CAJ', '2º'),
(40, 'CAJ', '7º'),
(41, 'CAJ', '8º'),
(42, 'CAJ', '4º'),
(43, 'EMEF BENNO', '1º'),
(44, 'EMEF BENNO', '4º'),
(45, 'EMEF BENNO', '2º'),
(46, 'EMEF BENNO', '5º'),
(47, 'EEEF ZILDA DE BRITO PEREIRA', '4º'),
(48, 'EEEF ZILDA DE BRITO PEREIRA', '3º'),
(49, 'EEEF ZILDA DE BRITO PEREIRA', '5º'),
(50, 'EMEF SÃO JUDAS/ALGAYER', 'PB'),
(51, 'EMEF ALFREDO SCHERER', '2º'),
(52, 'EMEF ALFREDO SCHERER', '1º'),
(53, 'EMEF BENNO', '3º'),
(54, 'EMEF ALFREDO SCHERER', '3º'),
(55, 'EMEF ALFREDO SCHERER', '4º'),
(56, 'EMEF ALFREDO SCHERER', '5º'),
(57, 'EMEF ALFREDO SCHERER', '6º'),
(58, 'EMEF ALFREDO SCHERER', '7º'),
(59, 'EMEF ALFREDO SCHERER', '8º'),
(60, 'EMEF DOIS IRMÃOS', '3º'),
(61, 'EMEF DOIS IRMÃOS', '7º'),
(62, 'EEEF PROFESSORA LEONTINA', '1º'),
(63, 'EEEF PROFESSORA LEONTINA', '2º'),
(64, 'EEEF PROFESSORA LEONTINA', '3º'),
(65, 'EEEF PROFESSORA LEONTINA', '4º'),
(66, 'EEEF PROFESSORA LEONTINA', '6º'),
(67, 'EEEF PROFESSORA LEONTINA', '7º'),
(68, 'EEEF PROFESSORA LEONTINA', '8º'),
(69, 'EEEF PROFESSORA LEONTINA', 'PB'),
(70, 'EMEF BRANDS', '1º'),
(71, 'EMEF BRANDS', '2º'),
(72, 'EMEF BRANDS', '5º'),
(73, 'EMEF BRANDS', '7º'),
(74, 'EMEF BRANDS', '8º'),
(75, 'EEEF JOÃO PÁDUA DA ROSA', '3º'), 
(76, 'EMEF CIDADE NOVA', '9º'), 
(77, 'EMEF CIDADE NOVA', '3º'), 
(78, 'EMEF CIDADE NOVA', '5º'), 
(79, 'EMEF MACEDO', '3º'), 
(80, 'EMEF ODILA ROSA SCHERER', '6º'), 
(81, 'EEEM MONTE DAS TABOCAS', '2º'), 
(82, 'EEEM MONTE DAS TABOCAS', 'CE'), 
(83, 'EEEF BRÍGIDA FAGUNDES', '5º'), 
(84, 'EEEM MONTE DAS TABOCAS', '3º');

INSERT INTO aluno (pk_cod_pessoa, fk_cod_admin, fk_cod_escola, cpf, data_acolhimento, form_acesso, vacinacao, termo_imagem, turno, transporte, data_nasc, proj_ferias, nome, sexo, tamanho_vest, tamanho_calc, turma, num_nis, med_paresp, alergias, observacoes, intervencoes, evolucoes, status) VALUES 
(1, 1, 1, '11050879309', '2024-08-23', 'CRAS', 1, 0, 'TARDE', 'GODOY/PMVA', '2019-01-09', 0, 'ABNER ALVES DE OLIVEIRA GODOY', 'M', '6', 30, 'T1', '27023072530', 'SEM MEDICAÇÃO', 'NÃO IDENTIFICADA', 'VIOLÊNCIA/NEGLIGÊNCIA', NULL, NULL, 1),
(2, 1, 7, '04909486003', '2024-01-24', 'CRAS', 1, 1, 'MANHÃ', 'ANA VANDERLÉIA', '2015-08-14', 1, 'ÁGATHA MONIKE WINCK FAGUNDES', 'F', '10', 35, 'T3', '23723230535', 'SEM MEDICAÇÃO', 'TOMATE', 'ECONÔMICA/CADÚNICO', NULL, NULL, 1),
(3, 1, 10, '05455803077', '2025-04-22', 'CREAS', 1, 0, 'MANHÃ', 'CARMEM', '2016-04-17', 0, 'ALEHANDRO JAIR FERREIRA UFER', 'M', '12', 34, 'T2', NULL, 'IMIPRAMINA - AGITAÇÃO', 'NÃO IDENTIFICADA', 'VIOLÊNCIA/NEG, ATRASO COGNITIVO', NULL, NULL, 1),
(4, 1, 15, '04469525081', '2021-10-26', 'CONSELHO', 1, 0, 'TARDE', 'GODOY/PMVA', '2014-04-03', 0, 'ALERRANDRA CONCEIÇÃO DO AMARAL', 'F', '16', 36, 'T3', '23692366066', 'SEM MEDICAÇÃO', 'NÃO IDENTIFICADA', 'ECONÔMICA/CADÚNICO', NULL, NULL, 1),
(5, 1, 1, '71315441241', '2025-04-30', 'REFUGIADOS', 1, 0, 'TARDE', 'AL TUR', '2019-09-18', 0, 'ALEXA VICTORIA RODRIGUEZ MARQUEZ', 'F', '6', 30, 'T1', '21435742763', 'SEM MEDICAÇÃO', 'NÃO IDENTIFICADA', 'ECONÔMICA/CADÚNICO', NULL, NULL, 1),
(6, 1, 2, '05543035071', '2022-06-22', 'CIES', 1, 1, 'TARDE', 'BITTENCOURT', '2017-08-29', 1, 'ALICE AIRES KIST', 'F', '8', 29, 'T1', '23810071249', 'FIBROSE CÍSTICA', 'NÃO IDENTIFICADA', 'ECONÔMICA/CADÚNICO', NULL, NULL, 1),
(7, 1, 18, '04618754036', '2025-04-15', 'CONSELHO', 1, 0, 'TARDE', 'BITTENCOURT', '2014-09-29', 0, 'ANA JÚLIA GARCIA', 'F', '12', 36, 'T3', NULL, 'EM COMPANHAMENTO NO CIES/UNIMED', 'NÃO IDENTIFICADA', 'VIOLÊNCIA/NEG, PARALISIA NO OLHO D.', NULL, NULL, 1),
(8, 1, 21, '04460372061', '2022-12-15', 'ECONÔMICA', 1, 1, 'TARDE', 'CARLOS', '2013-11-11', 1, 'ANA VYTÓRIA DA SILVEIRA', 'F', '14', 36, 'T4', '23657782504', 'SEM MEDICAÇÃO', 'NÃO IDENTIFICADA', 'ECONÔMICA/CADÚNICO', NULL, NULL, 1),
(9, 1, 26, '04464067085', '2021-09-07', 'CREAS', 1, 1, 'TARDE', 'CÁSSIO/GI', '2011-05-14', 1, 'ANDRÉIA DE VARGAS', 'F', 'P', 38, 'T4', '26706808375', 'SEM MEDICAÇÃO', 'NÃO IDENTIFICADA', 'ABUSO/EXPLORAÇÃO', NULL, NULL, 1),
(10, 1, 9, '05370955000', '2023-12-20', 'ESPONTÂNEA', 1, 1, 'MANHÃ', 'BITTENCOURT', '2017-03-08', 1, 'ANTHONY FABIANO DE MOURA DECKER', 'M', '10', 33, 'T2', '21297879882', 'SEM MEDICAÇÃO', 'INSETO', 'ECONÔMICA/CADÚNICO', NULL, NULL, 1),
(11, 1, 35, '04721192061', '2025-02-18', 'FUNCIONÁRIA', 1, 1, 'TARDE', 'IVANA', '2012-12-18', 1, 'BENJAMIM DOS SANTOS MARQUES', 'M', 'P', 40, 'T4', NULL, 'RITALINA LA', 'NÃO IDENTIFICADA', 'BENEFÍCIO AO TRABALHADOR', NULL, NULL, 1),
(12, 1, 36, '05582447008', '2023-12-19', 'GESTÃO SUAS', 1, 1, 'MANHÃ', 'PATRÍCIA/AVÓ', '2017-10-17', 0, 'BENJAMIM MARQUES MOREIRA', 'M', '8', 29, 'T1', '23874436051', 'SEM MEDICAÇÃO', 'NÃO IDENTIFICADA', 'PESSOA C/ DEFICIÊNCIA, AUTISTA', NULL, NULL, 1),
(13, 1, 2, '05411437008', '2024-10-17', 'CONSELHO', 1, 1, 'MANHÃ', 'CÁSSIO/GI', '2017-04-19', 0, 'BERNARDO FRANCISCO PADILHA OESTREICH', 'M', '8', 30, 'T1', '27120808082', 'RITALINA', 'NÃO IDENTIFICADA', 'VIOLÊNCIA/NEG, TDAH', NULL, NULL, 1),
(14, 1, 3, '05093938025', '2022-06-22', 'ESPONTÂNEA', 1, 1, 'TARDE', 'BITTENCOURT', '2015-06-19', 1, 'BRENDA AIRES KIST', 'F', '10', 35, 'T2', '23810070587', 'SEM MEDICAÇÃO', 'NÃO IDENTIFICADA', 'ECONÔMICA/CADÚNICO', NULL, NULL, 1),
(15, 1, 31, '60243306008', '2023-10-19', 'GESTÃO SUAS', 1, 1, 'MANHÃ', 'CÁSSIO/GI', '2011-04-30', 1, 'BRENDON MOISÉS DOS SANTOS RAIMUNDO', 'M', '14', 40, 'T4', '21264820919', 'RISPERIDONA /RITALINA/BIPERIDENO', 'NÃO IDENTIFICADA', 'VIOLÊNCIA/NEG', NULL, NULL, 1),
(16, 1, 22, '04245895080', '2022-12-16', 'CRAS', 1, 0, 'TARDE', 'GODOY/PMVA', '2013-03-21', 0, 'BRYAN ROSA DE MORAES', 'M', '16', 38, 'T4', '23625532065', 'SEM MEDICAÇÃO', 'NÃO IDENTIFICADA', 'ECONÔMICA/CADÚNICO', NULL, NULL, 1),
(17, 1, 11, '05743920088', '2024-02-22', 'CREAS', 1, 1, 'MANHÃ', 'BITTENCOURT', '2018-02-24', 1, 'CAMILA GABRIELA PARANAGUÁ', 'F', '6', 31, 'T1', '21373980968', 'SEM MEDICAÇÃO', 'NÃO IDENTIFICADA', 'VIOLÊNCIA/NEG', NULL, NULL, 1),
(18, 1, 11, '05460698006', '2025-02-10', 'ESPONTÂNEA', 1, 0, 'MANHÃ', 'CÁSSIO/GI', '2017-06-11', 0, 'CAUAN DAVI DOS SANTOS BECKER', 'M', '8', 34, 'T1', '21298197416', 'SEM MEDICAÇÃO', 'NÃO IDENTIFICADA', 'HABITAÇÃO EVENTO CLIMÁTICO 2024', NULL, NULL, 1),
(19, 1, 10, '05226756038', '2022-12-08', 'CONSELHO', 1, 0, 'MANHÃ', 'SANDRA/ÍTALO', '2017-03-23', 0, 'CRISTIAN AUGUSTO PEREIRA', 'M', '12', 32, 'T2', '23758844386', 'ATENTAH', 'NÃO IDENTIFICADA', 'VIOLÊNCIA/NEG, TDAH', NULL, NULL, 1),
(20, 1, 1, '05573088017', '2025-02-19', 'COMUNIDADE', 1, 0, 'TARDE', 'IRMÃ', '2020-03-20', 0, 'DANIEL HENRIQUE DE ALMEIDA', 'M', '6', 27, 'T1', '2129070339', 'SEM MEDICAÇÃO', 'NÃO IDENTIFICADA', 'ECONÔMICA/CADÚNICO', NULL, NULL, 1),
(21, 1, 37, '04487873002', '2021-11-06', 'GESTÃO SUAS', 1, 1, 'MANHÃ', 'PATRÍCIA/AVÓ', '2014-04-29', 0, 'DAVI FELLIPE MARQUES', 'M', '10', 37, 'T4', '23874421062', 'SEM MEDICAÇÃO', 'NÃO IDENTIFICADA', 'ECONÔMICA/CADÚNICO', NULL, NULL, 1),
(22, 1, 27, '04949256041', '2024-06-03', 'CRAS', 1, 1, 'TARDE', 'BITTENCOURT', '2015-10-21', 1, 'DAVI LUCAS DA SILVA', 'M', '10', 32, 'T2', '23727602879', 'SEM MEDICAÇÃO', 'NÃO IDENTIFICADA', 'VIOLÊNCIA/NEG', NULL, NULL, 1),
(23, 1, 8, '05602034030', '2021-07-09', 'ESPONTÂNEA', 1, 1, 'TARDE', 'CÁSSIO/GI', '2012-10-18', 1, 'DAVI RAFAEL ÁVILA FACCHI', 'M', '14', 38, 'T4', '21274074977', 'SEM MEDICAÇÃO', 'NÃO IDENTIFICADA', 'ECONÔMICA/CADÚNICO', NULL, NULL, 1),
(24, 1, 16, '04817536055', '2022-02-07', 'APAE', 1, 1, 'MANHÃ', 'CARLOS/AL TUR', '2015-05-10', 0, 'DHEYCOB RICARDO DOS SANTOS ALVES', 'M', '10', 33, 'T1', '23802485013', 'RITALINA', 'NÃO IDENTIFICADA', 'PESSOA C/ DEFICIÊNCIA', NULL, NULL, 1),
(25, 1, 32, '06220152069', '2023-05-18', 'CRAS', 1, 0, 'MANHÃ', 'BITTENCOURT', '2013-06-28', 0, 'DJONATAN DE OLIVEIRA KROTH', 'M', '14', 36, 'T3', '23644995792', 'SEM MEDICAÇÃO', 'NÃO IDENTIFICADA', 'VIOLÊNCIA/NEG', NULL, NULL, 1),
(26, 1, 28, '04259056085', '2022-02-07', 'ESPONTÂNEA', 1, 1, 'TARDE', 'CARLOS', '2013-07-14', 1, 'EDUARDA DE CAMPOS GOELZER', 'F', '12', 36, 'T4', '21349297080', 'SEM MEDICAÇÃO', 'NÃO IDENTIFICADA', 'ECONÔMICA/CADÚNICO', NULL, NULL, 1),
(27, 1, 27, '04900854077', '2022-12-02', 'CONSELHO', 1, 1, 'TARDE', 'ROMALINO', '2015-08-18', 1, 'ELENA JOAQUINA DA CRUZ FERREIRA', 'F', '12', 37, 'T3', '23762204248', 'SEM MEDICAÇÃO', 'NÃO IDENTIFICADA', 'ECONÔMICA/CADÚNICO', NULL, NULL, 1),
(28, 1, 47, '01380134030', '2024-12-20', 'ESPONTÂNEA', 1, 1, 'MANHÃ', 'CÁSSIO/GI', '2015-01-12', 1, 'ELIABY JUNIOR DE MORAES', 'M', '10', 36, 'T3', NULL, 'SEM MEDICAÇÃO', 'NÃO IDENTIFICADA', 'BENEFÍCIO AO TRABALHADOR', NULL, NULL, 1),
(29, 1, 50, '06369020052', '2024-09-02', 'CRAS', 1, 1, 'TARDE', 'MICHELE/UBER', '2019-08-26', 1, 'ELOÁ VITÓRIA DUTRA', 'F', '6', 26, 'T1', '23877206367', 'SEM MEDICAÇÃO', 'NÃO IDENTIFICADA', 'ECONÔMICA/CADÚNICO', NULL, NULL, 1),
(30, 1, 51, '05655386089', '2024-10-28', 'CONSELHO', 1, 1, 'MANHÃ', 'BITTENCOURT', '2017-12-15', 1, 'EMELY BEATRIZ PILZ', 'F', '14', 32, 'T1', '23822134453', 'SEM MEDICAÇÃO', 'NÃO IDENTIFICADA', 'VIOLÊNCIA/NEG', NULL, NULL, 1),
(31, 1, 16, '03938179031', '2019-02-04', 'CREAS/APAE', 1, 1, 'TARDE', 'CÁSSIO/GI', '2012-05-19', 1, 'EMILYN CAMILI RIBEIRO', 'F', '16', 36, 'T2', '21272981322', 'SEM MEDICAÇÃO', 'NÃO IDENTIFICADA', 'VIOLÊNCIA/NEG', NULL, NULL, 1),
(32, 1, 5, '04465926090', '2023-12-28', 'ESPONTÂNEA', 1, 1, 'MANHÃ', 'CÁSSIO/GI', '2014-03-31', 1, 'ENRIQUE FERNANDES DHIEL', 'M', '14', 36, 'T4', '23675989166', 'SEM MEDICAÇÃO', 'NÃO IDENTIFICADA', 'ECONÔMICA/CADÚNICO', NULL, NULL, 1),
(33, 1, 43, '06111370030', '2025-03-12', 'ESPONTÂNEA', 1, 0, 'TARDE', 'ISMAEL/LÍVIA', '2018-12-25', 0, 'ENZO GABRIEL ARENHARDT', 'M', '10', 29, 'T1', NULL, 'SEM MEDICAÇÃO', 'NÃO IDENTIFICADA', 'SITUAÇÃO ISOLAMENTO', NULL, NULL, 1),
(34, 1, 52, '05894448085', '2025-04-25', 'CREAS', 1, 0, 'MANHÃ', 'BITTENCOURT', '2018-06-19', 0, 'ENZO GONÇALO SILVA ASSIS', 'M', '8', 31, 'T1', NULL, '1ML RISPERIDONA E 10MG DE RITALINA', 'NÃO IDENTIFICADA', 'VIOLÊNCIA/NEG, TDAH', NULL, NULL, 1),
(35, 1, 60, '05150296023', '2024-08-19', 'EMPRESAS/OUT.', 1, 0, 'MANHÃ', 'CÁSSIO/GI', '2016-06-27', 0, 'ÉRICK ANTÔNIO DE BRITO', 'M', '14', 33, 'T2', '20654578871', 'BADE', 'AMOXICILINA', 'ECONÔMICA/CADÚNICO', NULL, NULL, 1),
(36, 1, 33, '04568875048', '2020-02-18', 'ESPONTÂNEA', 1, 1, 'TARDE', 'CÁSSIO/GI', '2013-04-03', 1, 'ERIK MATEUS DOS SANTOS', 'M', '12', 35, 'T4', '23882766960', 'SEM MEDICAÇÃO', 'NÃO IDENTIFICADA', 'ECONÔMICA/CADÚNICO', NULL, NULL, 1),
(37, 1, 17, '05384195045', '2025-02-24', 'APAE', 1, 0, 'MANHÃ', 'CLÉCIO/AL TUR', '2017-03-15', 0, 'ESTER SOFIA QUEIROZ DUTRA', 'F', '8', 35, 'T1', '23807810222', 'NEOZINE A NOITE', 'NÃO IDENTIFICADA', 'PESSOA C/ DEFICIÊNCIA', NULL, NULL, 1),
(38, 1, 7, '04945151040', '2022-04-12', 'CASA AMIZADE', 1, 0, 'MANHÃ', 'CÁSSIO/CHARLE S', '2015-10-16', 0, 'ESTEVÃO DE BORBA JANTSCH', 'M', '10', 36, 'T3', '21360790154', 'SEM MEDICAÇÃO', 'NÃO IDENTIFICADA', 'SEM PRIORIDADE', NULL, NULL, 1),
(39, 1, 39, '05492976001', '2025-04-28', 'CRAS', 1, 0, 'MANHÃ', 'NAGEL', '2017-07-16', 0, 'GABRIEL AUGUSTO FERNANDES', 'M', '16', 34, 'T1', NULL, 'SEM MEDICAÇÃO', 'NÃO IDENTIFICADA', 'VIOLÊNCIA/NEG, AUTISTA', NULL, NULL, 1),
(40, 1, 44, '05037413028', '2022-05-05', 'CIES', 1, 0, 'TARDE', 'NAGEL', '2016-01-24', 0, 'GABRIEL HENRIQUE PEREIRA MARQUES', 'M', '10', 35, 'T3', '23762409532', 'SEM MEDICAÇÃO', 'NÃO IDENTIFICADA', 'ECONÔMICA/CADÚNICO', NULL, NULL, 1),
(41, 1, 37, '04543443098', '2024-08-21', 'CONSELHO', 1, 0, 'MANHÃ', 'BITTENCOURT', '2014-07-05', 0, 'GABRIEL MARCELO GRÜNHAÜSER', 'M', '16', 39, 'T3', '23679127274', 'SEM MEDICAÇÃO', 'NÃO IDENTIFICADA', 'VIOLÊNCIA/NEG', NULL, NULL, 1),
(42, 1, 23, '05169327056', '2024-02-15', 'CRAS', 1, 0, 'TARDE', 'CÁSSIO/GI', '2016-07-22', 0, 'GUSTAVO DE MELLO SILVEIRA', 'M', '14', 35, 'T2', '23751861838', 'RITALINA', 'NÃO IDENTIFICADA', 'PESSOA C/ DEFICIÊNCIA, AUTISTA', NULL, NULL, 1),
(43, 1, 28, '04290280080', '2022-02-01', 'ESPONTÂNEA', 1, 1, 'TARDE', 'CARLOS', '2013-08-27', 1, 'GUSTAVO RAFAEL CAMARA', 'M', '14', 37, 'T4', '23653050878', 'SEM MEDICAÇÃO', 'NÃO IDENTIFICADA', 'SITUAÇÃO ISOLAMENTO', NULL, NULL, 1),
(44, 1, 43, '05853357033', '2023-09-26', 'CREAS', 1, 0, 'MANHÃ', 'BITTENCOURT', '2018-05-09', 0, 'HELENA BEATRIZ CAMARGO', 'F', '6', 28, 'T1', '23824854224', 'SEM MEDICAÇÃO', 'NÃO IDENTIFICADA', 'VIOLÊNCIA/NEG', NULL, NULL, 1),
(45, 1, 30, '04708627009', '2024-07-03', 'CONSELHO', 1, 0, 'MANHÃ', 'BITTENCOURT/AL TUR', '2015-01-13', 0, 'ÍGOR JESUS SOARES LEITE', 'M', '14', 38, 'T3', '23698886851', 'SEM MEDICAÇÃO', 'NÃO IDENTIFICADA', 'ECONÔMICA/CADÚNICO', NULL, NULL, 1),
(46, 1, 48, '05092236051', '2023-03-02', 'ESPONTÂNEA', 1, 0, 'MANHÃ', 'PAI LUIS', '2016-04-04', 0, 'ISABELLY ELOAH DOS SANTOS', 'F', '12', 34, 'T2', '23754652970', 'SEM MEDICAÇÃO', 'NÃO IDENTIFICADA', 'ECONÔMICA/CADÚNICO', NULL, NULL, 1),
(47, 1, 40, '87277751000', '2025-02-25', 'CREAS', 1, 0, 'MANHÃ', 'LAUREN', '2012-09-30', 0, 'ISADORA DA SILVA WEISS', 'F', 'P', 36, 'T4', NULL, 'SEM MEDICAÇÃO', 'NÃO IDENTIFICADA', 'VIOLÊNCIA/NEG', NULL, NULL, 1),
(48, 1, 23, '05230466006', '2024-10-16', 'CREAS', 1, 1, 'TARDE', 'MÁRIO', '2016-10-10', 1, 'IZADORA EMANUELLY ASSMANN SOARES', 'F', '8', 30, 'T2', '23766888990', 'SEM MEDICAÇÃO', 'NÃO IDENTIFICADA', 'VIOLÊNCIA/NEG, SAÚDE MENTAL', NULL, NULL, 1),
(49, 1, 6, '05164090017', '2017-02-15', 'CAPS infantil', 1, 1, 'TARDE', 'GODOY/PMVA', '2011-03-12', 0, 'JOSÉ GABRIEL DA SILVA', 'M', 'G', 38, 'T4', '22007261269', 'CLORPOMAZINA/AMITRIPTILINA', 'NÃO IDENTIFICADA', 'VIOLÊNCIA/NEG, SAÚDE MENTAL', NULL, NULL, 1),
(50, 1, 45, '05701372090', '2024-01-25', 'ESPONTÂNEA', 1, 1, 'TARDE', 'NAGEL', '2018-01-19', 1, 'JÚLIA DA SILVA NIELAND', 'F', '6', 30, 'T1', '23826864677', 'SEM MEDICAÇÃO', 'NÃO IDENTIFICADA', 'ECONÔMICA/CADÚNICO', NULL, NULL, 1),
(51, 1, 41, '87277786068', '2025-02-25', 'CREAS', 1, 0, 'MANHÃ', 'LAUREN', '2011-06-17', 0, 'JULIANA WEISS NORMANN GUINÉ', 'F', 'P', 36, 'T4', NULL, 'SEM MEDICAÇÃO', 'NÃO IDENTIFICADA', 'VIOLÊNCIA/NEG', NULL, NULL, 1),
(52, 1, 13, '05104693023', '2023-11-08', 'FAIRES', 1, 1, 'TARDE', 'CÁSSIO/GI', '2016-03-24', 1, 'JULIANO AUGUSTO DELÓ DA SILVEIRA', 'M', '12', 35, 'T2', '21442641098', 'SEM MEDICAÇÃO', 'NÃO IDENTIFICADA', 'SEM PRIORIDADE', NULL, NULL, 1),
(53, 1, 15, '04999712090', '2024-10-08', 'COMUNIDADE', 1, 1, 'TARDE', 'BITTENCOURT', '2014-01-10', 1, 'JUSTINE VITÓRIA DA COSTA', 'F', '14', 38, 'T3', '23828214092', 'SEM MEDICAÇÃO', 'NÃO IDENTIFICADA', 'VIOLÊNCIA/NEG, DESASAGEM ESCOLAR', NULL, NULL, 1),
(54, 1, 19, '04523871086', '2019-04-09', 'CREAS', 1, 1, 'MANHÃ', 'GODOY/PMVA', '2010-12-15', 1, 'KAUANI GRAEFF DE ANHANHA', 'F', 'P', 34, 'T4', '22802419438', 'SEM MEDICAÇÃO', 'NÃO IDENTIFICADA', 'VIOLÊNCIA/NEG', NULL, NULL, 1),
(55, 1, 43, '06129652011', '2025-01-18', 'ESPONTÂNEA', 1, 1, 'MANHÃ', 'NAGEL', '2019-01-12', 1, 'KAUANNE CLAUDETE DA SILVA OLIVEIRA', 'F', '8', 32, 'T1', '23863868281', 'SEM MEDICAÇÃO', 'NÃO IDENTIFICADA', 'VIOLÊNCIA/NEG', NULL, NULL, 1),
(56, 1, 30, '04818727016', '2023-03-02', 'CREAS', 1, 1, 'TARDE', 'AL TUR/CÁSSIO', '2015-05-14', 1, 'KAUÊ EMANUEL PALHARES VIANNA', 'M', '8', 30, 'T1', '23710435362', 'SEM MEDICAÇÃO', 'NÃO IDENTIFICADA', 'VIOLÊNCIA/NEG', NULL, NULL, 1),
(57, 1, 10, '05089274045', '2022-12-05', 'ESPONTÂNEA', 1, 1, 'MANHÃ', 'NAGEL', '2016-04-02', 1, 'LAURA ROBERTA NUNES', 'F', '8', 30, 'T2', '23777618531', 'SEM MEDICAÇÃO', 'NÃO IDENTIFICADA', 'ECONÔMICA/CADÚNICO', NULL, NULL, 1),
(58, 1, 14, '05844635027', '2024-12-20', 'ESPONTÂNEA', 1, 1, 'MANHÃ', 'TATI PRADELLA', '2018-05-03', 1, 'LAVÍNIA MARIA VIANNA VILANTE', 'F', '8', 28, 'T1', '23839285077', 'SEM MEDICAÇÃO', 'NÃO IDENTIFICADA', 'VIOLÊNCIA/NEG', NULL, NULL, 1),
(59, 1, 17, '05825218076', '2025-03-10', 'APAE', 1, 0, 'TARDE', 'BITTENCOURT', '2018-04-18', 0, 'LAWRENCE SAINTIA', 'M', '8', 30, 'T1', '21335019210', 'SEM MEDICAÇÃO', 'NÃO IDENTIFICADA', 'DEFASAGEM ESCOLAR, SIT. ISOLAMENTO', NULL, NULL, 1),
(60, 1, 43, '05806391000', '2025-02-04', 'ESPONTÂNEA', 1, 0, 'TARDE', 'NAGEL', '2018-04-09', 0, 'LEONARDO SCHMIDT ALVES DA LUZ', 'M', '10', 31, 'T1', '23820586837', 'SEM MEDICAÇÃO', 'NÃO IDENTIFICADA', 'ECONÔMICA/CADÚNICO', NULL, NULL, 1),
(61, 1, 29, '04754080041', '2022-12-21', 'ESPONTÂNEA', 1, 1, 'MANHÃ', 'CÁSSIO/GI', '2015-03-02', 1, 'LEONARDO VINICIUS FARIAS HICKMANN', 'M', '12', 33, 'T3', '23729142115', 'SEM MEDICAÇÃO', 'NÃO IDENTIFICADA', 'SITUAÇÃO ISOLAMENTO', NULL, NULL, 1),
(62, 1, 3, '71315449226', '2024-07-09', 'REFUGIADOS', 1, 1, 'MANHÃ', 'AL TUR', '2015-10-02', 1, 'LETIZIA HOREB RODRIGUEZ MARQUEZ', 'F', '12', 34, 'T3', '21435741899', 'RITALINA/FLUOXETINA', 'NÃO IDENTIFICADA', 'ECONÔMICA/CADÚNICO', NULL, NULL, 1),
(63, 1, 25, '06522313065', '2025-02-25', 'CRAS', 1, 0, 'TARDE', 'CARLOS', '2020-03-12', 0, 'LÍAH NADEJ CAMARGO DA ROCHA', 'F', '6', 27, 'T1', '21325889778', 'SEM MEDICAÇÃO', 'NÃO IDENTIFICADA', 'VIOLÊNCIA/NEG', NULL, NULL, 1),
(64, 1, 1, '06501327008', '2024-05-17', 'CRAS', 1, 0, 'TARDE', 'GI/CÁSSIO', '2020-02-19', 0, 'LÍVIA DA SILVA', 'F', '6', 26, 'T1', '21298964999', 'SEM MEDICAÇÃO', 'NÃO IDENTIFICADA', 'VIOLÊNCIA/NEG', NULL, NULL, 1),
(65, 1, 43, '05924231070', '2025-02-18', 'CÂMARA', 1, 0, 'MANHÃ', 'CÁSSIO/GI', '2018-07-11', 0, 'LÍVIA EMANUELLY POSSELT DA SILVA', 'F', '10', 26, 'T1', NULL, 'SEM MEDICAÇÃO', 'NÃO IDENTIFICADA', 'ECONÔMICA/CADÚNICO', NULL, NULL, 1),
(66, 1, 44, '05001626030', '2024-03-19', 'EMPRESAS/OUT.', 1, 1, 'TARDE', 'ROMILDA', '2015-12-26', 1, 'LÍVIA MIRANDOLLI DA SILVEIRA', 'F', '16', 33, 'T3', '21446110429', 'SEM MEDICAÇÃO', 'INT. LACTOSE', 'VIOLÊNCIA/NEG', NULL, NULL, 1),
(67, 1, 43, '06146598097', '2025-02-07', 'CONSELHO', 1, 0, 'MANHÃ', 'BITTENCOURT', '2019-01-27', 0, 'LÍVIA MURIELA DOS SANTOS', 'F', '8', 29, 'T1', '23861297562', 'SEM MEDICAÇÃO', 'NÃO IDENTIFICADA', 'CARÁTER PREVENTIVO', NULL, NULL, 1),
(68, 1, 4, '04698501083', '2021-10-02', 'CAPS infantil', 1, 1, 'TARDE', 'BITTENCOURT', '2015-01-02', 1, 'LORENZO DA SILVEIRA MARTIN', 'M', '12', 37, 'T4', '23733385078', 'SEM MEDICAÇÃO', 'NÃO IDENTIFICADA', 'ECONÔMICA/CADÚNICO, SAÚDE MENTAL', NULL, NULL, 1),
(69, 1, 20, '06022882079', '2025-04-14', 'CONSELHO', 1, 0, 'TARDE', 'BITTENCOURT', '2018-10-07', 0, 'LORENZZO GABRIEL GARCIA', 'M', '12', 34, 'T1', '21331805211', 'RITALINA', 'NÃO IDENTIFICADA', 'VIOLÊNCIA/NEG, AUTISTA', NULL, NULL, 1),
(70, 1, 44, '04788541025', '2025-04-28', 'CONSELHO', 1, 0, 'TARDE', 'BITTENCOURT', '2015-04-09', 0, 'LUCAS GABRIEL RODRIGUES DOS SANTOS', 'M', '12', 36, 'T3', NULL, 'RITALINA 10MG', 'NÃO IDENTIFICADA', 'VIOLÊNCIA/NEG', NULL, NULL, 1),
(71, 1, 24, '05806641040', '2023-12-28', 'CRAS', 1, 1, 'TARDE', 'CÁSSIO/GI', '2018-04-08', 1, 'LUÍS OTÁVIO DE SOUZA NUNES', 'M', '6', 30, 'T1', '23820759286', 'SEM MEDICAÇÃO', 'NÃO IDENTIFICADA', 'ECONÔMICA/CADÚNICO', NULL, NULL, 1),
(72, 1, 12, '04694378040', '2025-02-03', 'CAPS II', 1, 1, 'MANHÃ', 'TAXI GUTH', '2012-11-26', 0, 'LUIZA FERREIRA DE MACEDO', 'F', 'M', 41, 'T4', '27020183722', 'SEM MEDICAÇÃO', 'NÃO IDENTIFICADA', 'VIOLÊNCIA/NEG', NULL, NULL, 1),
(73, 1, 4, '04512471081', '2021-01-29', 'CAPS Infantil', 1, 1, 'MANHÃ', 'GODOY/PMVA', '2014-05-24', 1, 'MARCELA GABRIELLY DA SILVA', 'F', '12', 35, 'T3', '23706178830', 'METILFENIDATO 10MG', 'NÃO IDENTIFICADA', 'VIOLÊNCIA/NEG, SAÚDE MENTAL', NULL, NULL, 1),
(74, 1, 2, '05617551086', '2024-03-18', 'CRAS', 1, 1, 'MANHÃ', 'NAGEL', '2017-11-18', 1, 'MARINA VIEIRA AGNES', 'F', '14', 32, 'T1', '21424928747', 'SEM MEDICAÇÃO', 'NÃO IDENTIFICADA', 'VIOLÊNCIA/NEG', NULL, NULL, 1),
(75, 1, 49, '04513698072', '2023-08-05', 'CRAS', 1, 1, 'TARDE', 'PAI LUIS', '2014-05-26', 1, 'MIGUEL ANTONY DA SILVA', 'M', '10', 37, 'T3', '21298644537', 'SEM MEDICAÇÃO', 'NÃO IDENTIFICADA', 'VIOLÊNCIA/NEG', NULL, NULL, 1),
(76, 1, 11, '11111111111', '2025-02-24', 'CREAS', 1, 0, 'MANHÃ', 'CARMEM', '2017-07-16', 0, 'MIGUEL LUÍS FERREIRA UFER', 'M', '8', 30, 'T1', NULL, 'RITALINA', 'NÃO IDENTIFICADA', 'VIOLÊNCIA/NEG', NULL, NULL, 1),
(77, 1, 44, '04788533006', '2025-04-28', 'CONSELHO', 1, 0, 'TARDE', 'BITTENCOURT', '2015-04-09', 0, 'MILENA GABRIELE RODRIGUES DOS SANTOS', 'F', '12', 37, 'T3', NULL, 'RITALINA 10MG', 'NÃO IDENTIFICADA', 'VIOLÊNCIA/NEG', NULL, NULL, 1),
(78, 1, 34, '04120927008', '2019-02-04', 'ESPONTÂNEA', 1, 1, 'TARDE', 'GI/CÁSSIO', '2012-08-05', 1, 'MONIQUE GABRIELLY BENDER DA SILVA', 'F', '14', 38, 'T4', '23621806411', 'SEM MEDICAÇÃO', 'NÃO IDENTIFICADA', 'ECONÔMICA/CADÚNICO', NULL, NULL, 1),
(79, 1, 13, '04808590000', '2022-02-01', 'CREAS', 1, 1, 'TARDE', 'CÁSSIO/GI', '2015-05-03', 1, 'MONIQUE TALITA VICENTE DOS SANTOS', 'F', '16', 35, 'T2', '23709994000', 'SEM MEDICAÇÃO', 'NÃO IDENTIFICADA', 'ABUSO/EXPLORAÇÃO', NULL, NULL, 1),
(80, 1, 28, '04205373090', '2021-09-06', 'ESPONTÂNEA', 1, 1, 'MANHÃ', 'GODOY/PMVA/AL TUR', '2013-05-07', 1, 'MORIÉL ELIAS SCHEIBLER', 'M', '12', 37, 'T4', '23660582820', 'SEM MEDICAÇÃO', 'NÃO IDENTIFICADA', 'ECONÔMICA/CADÚNICO', NULL, NULL, 1),
(81, 1, 32, '06414861030', '2024-03-20', 'ESPONTÂNEA', 1, 1, 'MANHÃ', 'BITTENCOURT', '2013-04-02', 1, 'NICOLLAS EDUARDO RODRIGUES', 'F', '16', 41, 'T3', '23626008718', 'SEM MEDICAÇÃO', 'NÃO IDENTIFICADA', 'VIOLÊNCIA/NEG', NULL, NULL, 1),
(82, 1, 31, '04356006054', '2022-11-17', 'CONSELHO', 1, 0, 'MANHÃ', 'NAGEL', '2012-02-08', 0, 'NICOLLAS JOÃO DUTRA SIQUEIRA', 'M', 'P', 40, 'T4', '23615679438', 'SEM MEDICAÇÃO', 'NÃO IDENTIFICADA', 'VIOLÊNCIA/NEG', NULL, NULL, 1),
(83, 1, 38, '04903430073', '2022-12-09', 'CTA', 1, 0, 'MANHÃ', 'LÚCIO JOSÉ', '2015-08-28', 0, 'NICOLY RAFAELA PATAN JANTSCH', 'F', '10', 35, 'T2', NULL, 'SEM MEDICAÇÃO', 'NÃO IDENTIFICADA', 'VIOLÊNCIA/NEG', NULL, NULL, 1),
(84, 1, 2, '60305705016', '2025-01-29', 'CONSELHO', 1, 0, 'MANHÃ', 'CÁSSIO/GI', '2018-07-31', 0, 'OSCARLI REBECA NORIEGA NUNEZ', 'F', '8', 32, 'T1', '2133951990', 'SEM MEDICAÇÃO', 'NÃO IDENTIFICADA', 'ECONÔMICA/CADÚNICO, IMIGRANTE', NULL, NULL, 1),
(85, 1, 4, '06145968079', '2024-02-20', 'COMUNIDADE', 1, 0, 'TARDE', 'CÁSSIO/GI', '2019-01-22', 0, 'PYETRA DOS SANTOS', 'F', '8', 29, 'T1', '23854945708', 'SEM MEDICAÇÃO', 'NÃO IDENTIFICADA', 'ECONÔMICA/CADÚNICO', NULL, NULL, 1),
(86, 1, 42, '04848017084', '2022-04-12', 'CAPS infantil', 1, 0, 'TARDE', 'CÁSSIO/GI', '2015-06-16', 0, 'RAFAEL HORN DOS SANTOS', 'M', '12', 40, 'T3', '23551702918', 'METILFENIDATO 10MG', 'NÃO IDENTIFICADA', 'SITUAÇÃO ISOLAMENTO, SAÚDE MENTAL', NULL, NULL, 1),
(87, 1, 60, '05135055045', '2023-06-07', 'LEGISLATIVO', 1, 1, 'TARDE', 'NAGEL', '2016-04-21', 1, 'RAFAELA GABRIELE RIBEIRO DA LUZ FREITAS', 'F', '8', 30, 'T2', '23746928350', 'SEM MEDICAÇÃO', 'NÃO IDENTIFICADA', 'ECONÔMICA/CADÚNICO', NULL, NULL, 1),
(88, 1, 3, '04997674036', '2022-02-17', 'CAPS AD', 1, 1, 'MANHÃ', 'GODOY/PMVA', '2015-12-16', 1, 'RAIANNE RAIELI DA TRINDADE DOS SANTOS', 'F', '12', 34, 'T3', '23730141623', 'SEM MEDICAÇÃO', 'NÃO IDENTIFICADA', 'ECONÔMICA/CADÚNICO', NULL, NULL, 1),
(89, 1, 2, '05706429065', '2023-12-19', 'CAPS AD', 1, 0, 'MANHÃ', 'GODOY/PMVA', '2017-03-16', 1, 'RHANA RIELI DA TRINDADE DOS SANTOS', 'F', '8', 33, 'T1', '23841734312', 'SEM MEDICAÇÃO', 'NÃO IDENTIFICADA', 'ECONÔMICA/CADÚNICO', NULL, 'POSSUI BOA CONVIVÊNCIA, BOM RELACIONAMENTO.', 1),
(90, 1, 29, '04350554025', '2021-09-06', 'CRAS', 1, 1, 'TARDE', 'GODOY/PMVA', '2013-11-07', 1, 'SAMIRA BEATRIZ DIOGO', 'F', '14', 36, 'T3', '23652619052', 'ÁCIDO VALPROICO', 'LEITE', 'VIOLÊNCIA/NEGLIGÊNCIA', NULL, 'MOSTRA-SE ISOLADA, SEM AMIZADES AOARENTES. POSSUI DIFICULDADE DE APRENDIZAGEM.', 1),
(91, 1, 76, '05187587021', '2017-02-17', 'CREAS', 1, 0, 'TARDE', 'GI/CÁSSIO', '2010-09-21', 1, 'SAMIRA KLAUS DA SILVA', 'F', 'M', 37, 'T4', '16698776662', 'SEM MEDICAÇÃO', 'NÃO IDENTIFICADA', 'ECONÔMICA/CADÚNICO', NULL, 'POSSUI BOA CONVIVÊNCIA, BOM RELACIONAMENTO.', 1),
(92, 1, 75, '05125957046', '2024-01-25', 'CREAS', 1, 0, 'MANHÃ', 'GODOY/PMVA', '2016-05-22', 0, 'SAMUEL NUNES DA GAMA', 'M', 'G', 34, 'T2', '23751762813', 'ATENTAH 1CP A NOITE', 'NÃO IDENTIFICADA', 'VIOLÊNCIA/NEGLIGÊNCIA', NULL, 'CRIANÇA MUITO ATIVA, RESISTENTE A COMBINADOS E REGRAS.', 1),
(93, 1, 9, '05086075076', '2024-12-13', 'CREAS', 1, 0, 'TARDE', 'CÁSSIO/GI', '2016-03-24', 0, 'SAMUEL SILVA QUINTANA', 'M', 'P', 38, 'T2', '23747553563', 'IMIPRAMINA', 'NÃO IDENTIFICADA', 'VIOLÊNCIA/NEGLIGÊNCIA', NULL, 'EMBORA FAÇA AS ATIVIDADES NO SEU TEMPO, É QUIETO E POUCO INTERAGE.', 1),
(94, 1, 6, '03962502023', '2016-11-19', 'ESPONTÂNEA', 1, 1, 'MANHÃ', 'NAGEL', '2011-01-22', 0, 'SANTIAGO GABRIEL NASCIMENTO HERMES', 'M', 'M', 38, 'T4', '23605154359', 'SEM MEDICAÇÃO', 'NÃO IDENTIFICADA', 'ECONÔMICA/CADÚNICO', NULL, 'POSSUI BOA CONVIVÊNCIA, BOM RELACIONAMENTO.', 1),
(95, 1, 20, '05940629008', '2025-02-04', 'PMVA', 1, 0, 'TARDE', 'CÁSSIO', '2018-07-24', 1, 'SARAH DOS SANTOS MACIEL', 'F', '8', 29, 'T1', '21302099207', 'SEM MEDICAÇÃO', 'NÃO IDENTIFICADA', 'SEM PRIORIDADE', NULL, 'CRIANÇA RESISTENTE ÀS REGRAS. OBSERVA-SE SUPERPROTEÇÃO DOS PAIS, O QUE PROVOCA NELA CERTA SENSAÇÃO DE AUTORIDADE.', 1),
(96, 1, 4, '05836952051', '2024-12-13', 'CREAS', 1, 1, 'TARDE', 'CÁSSIO/GI', '2011-11-16', 0, 'SIMEÃO SILVA QUINTANA', 'M', '12', 36, 'T3', '23612567310', 'RITALINA/RISPE/FLUOXETINA', 'NÃO IDENTIFICADA', 'VIOLÊNCIA/NEGLIGÊNCIA', NULL, 'SE SENTE INJUSTIÇADO, PERSEGUIDO, RECLAMÃO. MOSTRA-SE SUJO, DE POUCA HIGIENE PESSOAL. SEM ÂNIMO.', 1),
(97, 1, 60, '05195842019', '2022-12-12', 'ESPONTÂNEA', 1, 1, 'TARDE', 'GODOY/PMVA', '2016-08-25', 1, 'SOFIA EMANUELLE WEISS', 'F', '8', 31, 'T2', '23755738976', 'SEM MEDICAÇÃO', 'NÃO IDENTIFICADA', 'ECONÔMICA/CADÚNICO', NULL, 'CRIANÇA CHOROSA. EMOCIONALMENTE FRÁGIL COM RELAÇÃO ÀS CRÍTICAS E ERROS.', 1),
(98, 1, 16, '05078724010', '2016-11-19', 'APAE', 1, 1, 'MANHÃ', 'CÁSSIO/GI/AL TUR', '2010-02-02', 0, 'STHEFANY GABRIELA ALVES DA CRUZ', 'F', 'M', 37, 'T4', '16348995942', 'RITALINA/ÁCIDO/LEVOTIROXINA/IMIPRAMINA', 'NÃO IDENTIFICADA', 'PESSOA C/ DEFICIÊNCIA', NULL, 'POSSUI BOA CONVIVÊNCIA, BOM RELACIONAMENTO.', 1),
(99, 1, 38, '04253445098', '2021-07-12', 'CONSELHO', 1, 1, 'TARDE', 'ROMALINO', '2013-06-19', 1, 'TAILER FRANCISCO DA CRUZ FERREIRA', 'M', '16', 38, 'T2', '23641146018', 'SEM MEDICAÇÃO', 'NÃO IDENTIFICADA', 'VIOLÊNCIA/NEGLIGÊNCIA', NULL, 'POSSUI BOA CONVIVÊNCIA, BOM RELACIONAMENTO, PRESTATIVO. POSSUI DIFICULDADE DE APRENDIZAGEM.', 1),
(100, 1, 9, '05208013002', '2025-03-27', 'SUPER LENZ', 1, 1, 'MANHÃ', 'CÁSSIO/GI', '2016-09-11', 0, 'THAMIRIS EMANUELLI DOS SANTOS CARPIS', 'F', '10', 33, 'T2', '23889651050', 'SEM MEDICAÇÃO', 'NÃO IDENTIFICADA', 'ECONÔMICA/CADÚNICO, ANSIEDADE', NULL, 'POSSUI BOA CONVIVÊNCIA, BOM RELACIONAMENTO.', 1),
(101, 1, 43, '05860522088', '2024-05-17', 'CRAS', 1, 0, 'TARDE', 'GI/CÁSSIO', '2018-05-17', 0, 'THEODÓRO DA SILVA PAZ', 'M', '8', 30, 'T1', '23883982845', 'SEM MEDICAÇÃO', 'NÃO IDENTIFICADA', 'VIOLÊNCIA/NEGLIGÊNCIA', NULL, 'CRIANÇA DESOBEDIENTE, MAS COM BOM RELACIONAMENTO INERPESSOAL.', 1),
(102, 1, 23, '05703372089', '2024-06-10', 'CRAS', 1, 0, 'TARDE', 'GODOY/PMVA', '2018-01-23', 0, 'THEYLOR ROSA DE MORAES', 'M', '8', 33, 'T1', '23831140797', 'SEM MEDICAÇÃO', 'NÃO IDENTIFICADA', 'ECONÔMICA/CADÚNICO', NULL, 'POSSUI BOA CONVIVÊNCIA, BOM RELACIONAMENTO.', 1),
(103, 1, 4, '03992265080', '2025-02-13', 'CTA', 1, 0, 'MANHÃ', 'NAGEL', '2019-02-28', 0, 'VALENTIM DA ROSA DO NASCIMENTO', 'M', '8', 30, 'T1', '20137061425', 'SEM MEDICAÇÃO', 'INT. LACTOSE', 'ECONÔMICA/CADÚNICO', NULL, 'BOA CONVIVÊNCIA, RELACIONAMENTO. NO ENTANTO, DISPERSO, ESQUECE DAS ORIENTAÇÕES.', 1),
(104, 1, 77, '04304994000', '2025-02-18', 'FUNCIONÁRIA', 1, 1, 'TARDE', 'CLÁUDIA', '2013-09-16', 1, 'VALENTINA DUARTE DA ROSA', 'F', 'P', 37, 'T4', NULL, 'SEM MEDICAÇÃO', 'AMOXICILINA', 'BENEFÍCIO AO TRABALHADOR', NULL, 'POSSUI BOA CONVIVÊNCIA, BOM RELACIONAMENTO.', 1),
(105, 1, 2, '05522582022', '2024-05-28', 'CONSELHO', 1, 0, 'MANHÃ', 'CÁSSIO/GI', '2017-08-18', 0, 'VICTOR GABRIEL LOPES DOS SANTOS', 'M', '8', 32, 'T1', '21414664933', 'SEM MEDICAÇÃO', 'NÃO IDENTIFICADA', 'VIOLÊNCIA/NEGLIGÊNCIA', NULL, 'APRESENTA MELHORAS, MAS AINDA POSSUI DIFICULDADES EM RELACIONAR-SE COM CERTOS COLEGAS. TENDE A NÃO OLHAR OLHO NO OLHO. TRAZ CERTA RAIVA DA MADRASTA.', 1),
(106, 1, 9, '05104735044', '2025-01-28', 'CONSELHO', 1, 0, 'MANHÃ', 'CÁSSIO/GI', '2016-04-21', 0, 'VICTOR VALENTIM ZAMBIAZI', 'M', '8', 30, 'T2', '23747863325', 'METILFENIDATO', 'NÃO IDENTIFICADA', 'ECONÔMICA/CADÚNICO', NULL, 'POSSUI BOA CONVIVÊNCIA, BOM RELACIONAMENTO. ALIMENTAÇÃO COMPROMETIDA. COM DIFICULDADE DE APRENDIZAGEM.', 1),
(107, 1, 2, '05706686033', '2023-12-18', 'ESPONTÂNEA', 1, 0, 'TARDE', 'NAGEL', '2018-01-28', 0, 'VICTÓRIA RAFAELLA DA SILVA', 'F', '8', 32, 'T1', '23810859873', 'SEM MEDICAÇÃO', 'NÃO IDENTIFICADA', 'ECONÔMICA/CADÚNICO', NULL, 'POSSUI BOA CONVIVÊNCIA, BOM RELACIONAMENTO.', 1),
(108, 1, 3, '05070720066', '2022-02-01', 'ESPONTÂNEA', 1, 0, 'TARDE', 'NAGEL', '2016-03-10', 0, 'VINÍCIUS RAFAEL DA SILVA', 'M', '16', 34, 'T2', '23737554125', 'SEM MEDICAÇÃO', 'NÃO IDENTIFICADA', 'ECONÔMICA/CADÚNICO', NULL, 'POSSUI BOA CONVIVÊNCIA, BOM RELACIONAMENTO.', 1),
(109, 1, 78, '05632849007', '2023-12-19', 'CIES', 1, 1, 'TARDE', 'GI/CÁSSIO', '2017-11-27', 1, 'VINÍCIUS RENAN BENDER RIBEIRO', 'M', '8', 30, 'T1', '23844379963', 'RISPERIDONA', 'NÃO IDENTIFICADA', 'ECONÔMICA/CADÚNICO, AUTISTA', NULL, 'CRIANÇA ANSIOSA/AUTORREGULAÇÃO. DEMOSTRA FELICIDADE PULANDO, E QUANDO AGITADO, FICA DESORIENTADO. POR VEZES, APRESENTA CRISES DE CHORO CONTÍNUO.', 1),
(110, 1, 4, '04841001069', '2022-04-12', 'CASA AMIZADE', 1, 0, 'MANHÃ', 'CÁSSIO/CHARLES', '2013-06-25', 0, 'VITOR GABRIEL DE BORBA CARDOSO', 'M', '14', 36, 'T4', '21360831063', 'SEM MEDICAÇÃO', 'NÃO IDENTIFICADA', 'SEM PRIORIDADE', NULL, 'POSSUI BOA CONVIVÊNCIA, BOM RELACIONAMENTO.', 1),
(111, 1, 44, '70562720294', '2021-05-31', 'CIES', 1, 1, 'MANHÃ', 'NAGEL', '2014-10-17', 1, 'VITORIA CHRISTINA DA SILVA OLIVEIRA', 'F', '14', 37, 'T3', '23794404498', 'RITALINA', 'NÃO IDENTIFICADA', 'ECONÔMICA/CADÚNICO', NULL, 'CHOROSA, EMOTIVA QUANDO EM GRUPO.', 1),
(112, 1, 30, '05010424070', '2024-06-18', 'CONSELHO', 1, 0, 'MANHÃ', 'CÁSSIO/GI/AL TUR', '2016-01-06', 1, 'VITÓRIA XAVIER', 'F', '10', 35, 'T2', '21299413791', 'SEM MEDICAÇÃO', 'NÃO IDENTIFICADA', 'DEFASAGEM ESCOLAR', NULL, 'POSSUI, HOJE, BOA CONVIVÊNCIA, BOM RELACIONAMENTO. JÁ FOI MAIS CHOROSA. ESTÁ SEMPRE COM DOR, ESPECIALMENTE NA BARRIGA.', 1),
(113, 1, 80, '04527346067', '2022-12-14', 'CRAS', 1, 0, 'TARDE', 'CÁSSIO/GI', '2014-06-11', 0, 'WILIAM CRISTIAN HÜTTHER', 'M', '12', 40, 'T3', '21399449186', 'RITALINA', 'NÃO IDENTIFICADA', 'ECONÔMICA/CADÚNICO', NULL, 'MENTALIDADE AFLORADA (SEXUALMENTE), POSSUI BOM RELACIONAMENTO, SE CONTROLADO.', 1),
(114, 1, 79, '05381344023', '2022-12-06', 'CONSELHO', 1, 0, 'MANHÃ', 'NAGEL', '2017-03-16', 0, 'YURI GABRIEL DUTRA DA ROSA', 'M', '8', 28, 'T2', '23808338802', 'SEM MEDICAÇÃO', 'NÃO IDENTIFICADA', 'VIOLÊNCIA/NEGLIGÊNCIA', NULL, 'POSSUI BOA CONVIVÊNCIA, BOM RELACIONAMENTO. MOSTRA-SE AGITADO. ATENTO ÀS TAREFAS. CUIDADOSO COM A ROTINA.', 1),
(115, 1, 28, '06615847043', '2022-12-07', 'CONSELHO', 1, 1, 'TARDE', 'GODOY/PMVA', '2011-09-05', 1, 'YURI GUILHERME DIOGO', 'M', 'P', 38, 'T4', '23644977077', 'ÁCIDO VALPROICO', 'NÃO IDENTIFICADA', 'VIOLÊNCIA/NEGLIGÊNCIA', NULL, 'BOA CONVIVÊNCIA, RELACIONAMENTO. POSSUI MÁ HIGIENE PESSOAL.', 1);


INSERT INTO familia (pk_cod_familia, fk_cod_pessoa, qnt_integrantes_fam, renda_familiar_total, bolsa_familia, endereco_familia, bairro_familia, residencia, valor_aluguel, telefone_familia) VALUES 
(1, 1, 3, 1000.00, 900.00, '13 DE MAIO, 147', 'AVIAÇÃO', 'ALUGADA', 700.00, '99985020217'),
(2, 2, 4, 1320.00, 0.00, 'AUGUSTO HANSEL, 1741', 'CEL BRITO', 'ALUGADA', 450.00, '998721040'),
(3, 3, 6, 1500.00, 950.00, 'SETE DE SETEMBRO 2107', 'BRÍGIDA', 'ALUGADA', 500.00, '993211579'),
(4, 4, 2, 3200.00, 650.00, 'RICARDO THEODORO PILZ, 2040, AP 01', 'SANTA TECLA', 'ALUGADA', 450.00, '995153845'),
(5, 5, 4, 3000.00, 800.00, 'JÚLIO DE CASTILHOS, 1076, AP 04', 'CENTRO', 'ALUGADA', 800.00, '95984263448'),
(6, 6, 4, 2012.00, 0.00, 'CONDE D''EU, 345', 'AVIAÇÃO', 'ALUGADA', 750.00, '980274179'),
(7, 7, 5, 4200.00, 0.00, 'URBANO DIEHL, 2381', 'GRESSLER', 'ALUGADA', 550.00, '996764996'),
(8, 8, 2, 1500.00, 650.00, 'MARECHAL FLORIANO, 3035', 'CEL BRITO', 'PRÓPRIA FINANCIADA', 0.00, '997107969'),
(9, 9, 3, 1800.00, 0.00, '13 DE MAIO, 3468', 'CEL BRITO', 'ALUGADA', 600.00, '993801040'),
(10, 10, 3, 5001.00, 0.00, 'REINALDO SCHMAEDCKE, 2812', 'CEL BRITO', 'PRÓPRIA', 0.00, '51999175191'),
(11, 11, 3, 2500.00, 0.00, 'GETÚLIO VARGAS, 2120', 'MORSCH', 'ALUGADA', 650.00, '995063889'),
(12, 12, 3, 1556.00, 0.00, 'BARÃO DO TRIUNFO, 425', 'AVIAÇÃO', 'ALUGADA', 850.00, '980700419'),
(13, 13, 2, 2012.00, 430.00, 'CONDE D''EU, 345', 'AVIAÇÃO', 'ALUGADA', 750.00, '980274179'),
(14, 14, 4, 2012.00, 0.00, 'CONDE D''EU, 345', 'AVIAÇÃO', 'ALUGADA', 750.00, '980274179'), 
(15, 15, 2, 1880.00, 300.00, 'ACESSO DONA LEOPOLDINA, 3602, AP 206', 'ACESSO', 'PRÓPRIA FINANCIADA', 0.00, '980150216'),
(16, 16, 3, 4000.00, 0.00, 'SETE DE SETEMBRO, 299', 'MORSCH', 'ALUGADA', 450.00, '998375561'),
(17, 17, 3, 3400.00, 650.00, 'VOLUNTÁRIOS DA PÁTRIA, 1420, BL 00, AP 105', 'CENTRO', 'ALUGADA', 700.00, '989622971'),
(18, 18, 3, 1518.00, 0.00, 'REINALDO SCHMAEDCKE, 1857', 'BRÍGIDA', 'ALUGADA', 600.00, '999737085'),
(19, 19, 4, 1518.00, 400.00, 'FREDERICO CLOSS, 350', 'UNIÃO', 'ALUGADA', 500.00, '981232373'),
(20, 20, 3, 1518.00, 400.00, 'FREDERICO CLOSS, 350', 'UNIÃO', 'ALUGADA', 500.00, '981232373'),
(21, 21, 3, 2500.00, 0.00, 'GETÚLIO VARGAS, 2120', 'MORSCH', 'ALUGADA', 650.00, '995063889'),
(22, 22, 5, 4300.00, 0.00, 'BARÃO DO TRIUNFO, 2665', 'CEL BRITO', 'ALUGADA', 750.00, '996251612'),
(23, 23, 4, 6600.00, 0.00, 'WILLIBALDO STERTZ, 2213', 'BRANDS', 'PRÓPRIA FINANCIADA', 0.00, '994564972'),
(24, 24, 3, 1600.00, 526.00, 'LUÍS CARLOS LEUCKERT, 411', 'CEL BRITO', 'PRÓPRIA', 0.00, '555191965648'),
(25, 25, 2, 5100.00, 350.00, 'ARMANDO RUSCHEL, 1217', 'GRESSLER', 'ALUGADA', 750.00, '992533006'),
(26, 26, 4, 800.00, 800.00, 'ROTARY CENTENÁRIO, 164', 'BATTISTI', 'PRÓPRIA', 0.00, '995650075'),
(27, 27, 5, 2150.00, 0.00, 'EMÍLIO SELBACH, 1241', 'CENTRO', 'ALUGADA', 900.00, '996061605'),
(28, 28, 4, 650.00, 700.00, 'AUGUSTO SILVEIRA DE MORAES, 3501, BL 04, AP 404', 'BELA VISTA', 'PRÓPRIA', 0.00, '996881757'),
(29, 29, 3, 900.00, 1100.00, 'VISCONDE DO RIO BRANCO, 169', 'CENTRO', 'ALUGADA', 700.00, '992891661'),
(30, 30, 2, 1600.00, 0.00, 'AUGUSTO SILVEIRA DE MOARES, 3501, BL 13, AP 401', 'BELA VISTA', 'CEDIDA', 0.00, '980659712'),
(31, 31, 4, 1960.00, 0.00, 'GASTÃO GUEDES, 2050', 'CEL BRITO', 'ALUGADA', 650.00, '997127073'),
(32, 32, 2, 1518.00, 0.00, 'EDMUNDO FEIX, 1685, BL 14, AP 304', 'AVIAÇÃO', 'ALUGADA', 550.00, '996498010'),
(33, 33, 2, 1412.00, 600.00, 'ORESTES BUZATA, 121 , CASA 1', 'SANTA TECLA', 'PRÓPRIA', 0.00, '997371899'),
(34, 34, 5, 1900.00, 650.00, 'HILDA BORGES DE ALMEIDA, 294', 'CIDADE NOVA', 'ALUGADA', 650.00, '980593118'),
(35, 35, 3, 2200.00, 0.00, '3, 541', 'BATTISTI', 'PRÓPRIA', 0.00, '995183880'),
(36, 36, 3, 4550.00, 0.00, 'JOAQUIM CORREA LIMA, 531', 'BRANDS', 'PRÓPRIA', 0.00, '997729620'),
(37, 37, 5, 600.00, 950.00, 'AUGUSTO SILVEIRA DE MORAES, 3501, BL 15, AP 201', 'BELA VISTA', 'ALUGADA', 650.00, '999259560'),
(38, 38, 4, 2500.00, 0.00, 'SETE DE SETEMBRO, 1275', 'CENTRO', 'ALUGADA', 800.00, '981872296'),
(39, 39, 3, 1412.00, 0.00, 'LUÍS CARLOS LEUCKERT, 321 - fundos', 'CEL BRITO', 'PRÓPRIA', 0.00, '999768533'),
(40, 40, 2, 3300.00, 0.00, 'DUQUE DE CAXIAS, 166, AP 203 BL01', 'AVIAÇÃO', 'PRÓPRIA', 0.00, '993452050'),
(41, 41, 2, 3500.00, 350.00, 'SERVIDÃO RODOLFO FELTEN, 727', 'BRÍGIDA', 'PRÓPRIA', 0.00, '980531923'),
(42, 42, 4, 2500.00, 0.00, 'SETE DE SETEMBRO, 1275', 'CENTRO', 'ALUGADA', 800.00, '981872296'),
(43, 43, 3, 3500.00, 0.00, 'SERVIDÃO RODOLFO FELTEN, 727', 'BRÍGIDA', 'PRÓPRIA', 0.00, '980531923'),
(44, 44, 4, 1412.00, 0.00, 'LUÍS CARLOS LEUCKERT, 321 - fundos', 'CEL BRITO', 'PRÓPRIA', 0.00, '999768533'),
(45, 45, 4, 3500.00, 0.00, 'CLEMENTINA PEREIRA, 578', 'BATTISTI', 'PRÓPRIA', 0.00, '993425318'),
(46, 46, 3, 4500.00, 425.00, 'GUIDO PAULO SCHMIDT, 1150', 'SANTA TECLA', 'ALUGADA', 850.00, '99265566'),
(47, 47, 4, 2600.00, 950.00, 'SIBILA BOHN, 620', 'CEL BRITO', 'PRÓPRIA FINANCIADA', 0.00, '999706020'),
(48, 48, 2, 3280.00, 0.00, 'EDMUNDO FEIX, 1685, BL 12, AP 303', 'AVIAÇÃO', 'PRÓPRIA', 0.00, '996874218'),
(49, 49, 5, 2600.00, 950.00, 'SIBILA BONH, 620', 'CEL BRITO', 'PRÓPRIA FINANCIADA', 0.00, '999706020'), 
(50, 50, 2, 5400.00, 0.00, 'HENRIQUE MILLYUS, 2015, BL A, AP 11', 'CENTRO', 'ALUGADA', 600.00, '994324882'),
(51, 51, 4, 2600.00, 950.00, 'SIBILA BOHN, 620', 'CEL BRITO', 'PRÓPRIA FINANCIADA', 0.00, '999706020'), 
(52, 52, 4, 3500.00, 0.00, 'CLEMENTINA PEREIRA, 578', 'BATTISTI', 'PRÓPRIA', 0.00, '993425318'), 
(53, 53, 5, 2000.00, 0.00, 'AUGUSTO SILVEIRA DE MORAES, 706', 'SANTA TECLA', 'PRÓPRIA', 0.00, '995512654'),
(54, 54, 5, 1000.00, 0.00, '1º DE MARÇO, 2651', 'CIDADE ALTA', 'ALUGADA', 0.00, '990172050'),
(55, 55, 5, 4500.00, 425.00, 'GUIDO PAULO SCHMIDT, 1150', 'SANTA TECLA', 'ALUGADA', 850.00, '99265566'), 
(56, 56, 4, 2600.00, 950.00, 'SIBILA BOHN, 620', 'CEL BRITO', 'PRÓPRIA FINANCIADA', 0.00, '999706020'), 
(57, 57, 3, 5400.00, 0.00, 'HENRIQUE MILLYUS, 2015, BL A, AP 11', 'CENTRO', 'ALUGADA', 600.00, '994324882'), 
(58, 58, 4, 3280.00, 0.00, 'EDMUNDO FEIX, 1685, BL 12, AP 303', 'AVIAÇÃO', 'PRÓPRIA', 0.00, '996874218'), 
(59, 59, 5, 300.00, 750.00, 'BENNO BREUNIG, 460', 'SANTA TECLA', 'PRÓPRIA', 0.00, '996569665'),
(60, 60, 2, 3280.00, 453.00, '3316', 'DISTRITO', 'PRÓPRIA', 0.00, '980579120'),
(61, 61, 4, 3000.00, 800.00, 'JÚLIO DE CASTILHOS, 1076, AP 04', 'CENTRO', 'ALUGADA', 800.00, '95984263448'), 
(62, 62, 4, 1800.00, 850.00, 'DUQYE DE CAXIAS, 3150', 'CEL BRITO', 'ALUGADA', 350.00, '989923273'),
(63, 63, 4, 1765.00, 900.00, 'MARECHAL FLORIANO, 49', 'GRESSLER', 'ALUGADA', 450.00, '555195009093'),
(64, 64, 3, 2000.00, 0.00, 'OTHILDES COSTA DA ROSA, 1923', 'SANTA TECLA', 'PRÓPRIA', 0.00, '998385603'),
(65, 65, 3, 2500.00, 0.00, 'ARNO ARTHUR STAUB, 621', 'SANTA TECLA', 'PRÓPRIA FINANCIADA', 0.00, '999059194'),
(66, 66, 2, 3377.00, 0.00, 'ARLINDO MARQUETTO, 95', 'SANTA TECLA', 'ALUGADA', 400.00, '994450948'),
(67, 67, 3, 3800.00, 425.00, 'VOLUNTÁRIOS DA PÁTRIA, 465', 'AVIAÇÃO', 'ALUGADA', 650.00, '998628832'),
(68, 68, 4, 4200.00, 0.00, 'URBANO DIEHL, 2380', 'GRESSLER', 'ALUGADA', 550.00, '996764996'), 
(69, 69, 5, 3700.00, 650.00, 'SEM DENOMINAÇÃO, 2316', 'BELA VISTA', 'PRÓPRIA FINANCIADA', 0.00, '999688528'),
(70, 70, 6, 3700.00, 650.00, 'SEM DENOMINAÇÃO, 2316', 'BELA VISTA', 'PRÓPRIA FINANCIADA', 0.00, '999688528'), 
(71, 71, 4, 3100.00, 0.00, 'AUGUSTO HANSEL, 1614', 'CEL BRITO', 'ALUGADA', 700.00, '998760181'),
(72, 72, 4, 3600.00, 0.00, 'NÉLSIO BOGORNY, 2815', 'CEL BRITO', 'PRÓPRIA', 0.00, '995350176'),
(73, 73, 5, 3300.00, 0.00, 'DUQUE DE CAXIAS, 166, AP 203 BL01', 'AVIAÇÃO', 'PRÓPRIA', 0.00, '993452050'), 
(74, 74, 3, 1600.00, 400.00, 'BARÃO DO TRIUNFO, 1291', 'CENTRO', 'ALUGADA', 600.00, '989443645'),
(75, 75, 2, 2000.00, 650.00, 'AUGUSTO SILVEIRA DE MORAES, 3501, BL 10, AP 5', 'BELA VISTA', 'PRÓPRIA', 0.00, '989418578'),
(76, 76, 6, 1500.00, 950.00, 'SETE DE SETEMBRO, 2107', 'BRÍGIDA', 'ALUGADA', 500.00, '993211579'), 
(77, 77, 6, 3701.00, 651.00, 'SEM DENOMINAÇÃO, 2316', 'BELA VISTA', 'PRÓPRIA FINANCIADA', 0.00, '999688528'), 
(78, 78, 5, 1894.00, 0.00, 'JACOB BECKER, 18', 'AVIAÇÃO', 'ALUGADA', 630.00, '998294058'),
(79, 79, 3, 1600.00, 700.00, 'JOSEFREDO METZDORF, 319', 'MORSCH', 'PRÓPRIA', 0.00, '996437505'),
(80, 80, 2, 2000.00, 0.00, 'RANDOLFO RODRIGUES CHAVES, 1059', 'CEL BRITO', 'PRÓPRIA', 0.00, '980420458'),
(81, 81, 4, 3000.00, 600.00, 'CONDE D''EU, 534', 'CENTRO', 'ALUGADA', 800.00, '98658217'),
(82, 82, 4, 1752.00, 0.00, 'LINHA GRÃO PARA, 595', 'OLAVO BILAC', 'PRÓPRIA', 0.00, '992400584'),
(83, 83, 5, 2000.00, 0.00, 'CLÁUDIO RECKZIEGEL, 1809, AP 4', 'AVIAÇÃO', 'ALUGADA', 400.00, '998067115'),
(84, 84, 2, 1518.00, 750.00, 'CONDE D''EU, 682', 'AVIAÇÃO', 'ALUGADA', 500.00, '992689464'),
(85, 85, 2, 3000.00, 0.00, 'CÂNDIDO DE MOURA, 1323, BL 08, AP 303', 'AVIAÇÃO', 'PRÓPRIA', 0.00, '996347803'),
(86, 86, 4, 3237.00, 0.00, 'DUQUE DE CAXIAS, 166, APTO 203', 'AVIAÇÃO', 'PRÓPRIA', 0.00, '994125965'), 
(87, 87, 3, 3000.00, 0.00, 'DUQUE DE CAXIAS, 166, APTO 203', 'AVIAÇÃO', 'PRÓPRIA', 0.00, '994125965'), 
(88, 88, 6, 1518.00, 750.00, 'CONDE D''EU, 682', 'AVIAÇÃO', 'ALUGADA', 500.00, '992689464'),
(89, 89, 6, 3237.00, 0.00, 'DUQUE DE CAXIAS, 166, BL 03, 203', 'AVIAÇÃO', 'PRÓPRIA', 0.00, '994125965'),
(90, 90, 5, 1750.00, 0.00, 'A, 4077', 'CIÊNCIA', 'PRÓPRIA', 0.00, '993288230'),
(91, 91, 2, 3318.00, 0.00, 'ODETE DE SOUZA MASCHIO, 472', 'HERVAL MIRIM', 'PRÓPRIA', 0.00, '995698181'),
(92, 92, 4, 3882.00, 150.00, 'LINHA RINCÃO DE SOUZA', 'INTERIOR', 'ALUGADA', 600.00, '995497644'),
(93, 93, 3, 1800.00, 0.00, 'LINDOSO, 51', 'TATA', 'PRÓPRIA', 0.00, '992915843'),
(94, 94, 4, 2092.00, 0.00, 'DUQUE DE CAXIAS, 166, BL 01, AP 201', 'AVIAÇÃO', 'PRÓPRIA', 0.00, '996417272'),
(95, 95, 3, 7200.00, 0.00, 'ARMANDO RUSCHEL, 448', 'CENTRO', 'ALUGADA', 800.00, '984645805'),
(96, 96, 3, 1800.00, 0.00, 'LINDOSO, 51', 'TATA', 'PRÓPRIA', 0.00, '992915843'),
(97, 97, 3, 3572.00, 650.00, 'ANTONIO CARLOS, 713', 'SANTA TECLA', 'ALUGADA', 500.00, '995911507'),
(98, 98, 3, 3500.00, 1412.00, 'DUQUE DE CAXIAS, 166, BL 2, AP 101', 'AVIAÇÃO', 'PRÓPRIA FINANCIADA', 0.00, '995859997'),
(99, 99, 5, 1600.00, 526.00, 'LUÍS CARLOS LEUCKERT, 411', 'CEL BRITO', 'PRÓPRIA', 0.00, '997744450'),
(100, 100, 3, 2500.00, 0.00, '4, 585', 'BATTISTI', 'PRÓPRIA', 0.00, '997546191'),
(101, 101, 3, 1765.00, 900.00, 'MARECHAL FLORIANO, 49', 'GRESSLER', 'ALUGADA', 450.00, '998796823'),
(102, 102, 3, 4000.00, 0.00, 'VEREADOR ARMANDO BECKER, 1040', 'CEL BRITO', 'PRÓPRIA', 0.00, '993277833'),
(103, 103, 4, 1518.00, 750.00, 'LINHA SANTA TECLA, 2600', 'Lª Sª TECLA', 'CEDIDA', 0.00, '51999025238'),
(104, 104, 4, 5000.00, 0.00, 'ROGÉRIO UGRY, 930', 'CIDADEALTA', 'PRÓPRIA', 0.00, '51996842208'),
(105, 105, 3, 3000.00, 800.00, 'EDMUNDO FEIX, 1685, BL 2, AP 202', 'AVIAÇÃO', 'PRÓPRIA', 0.00, '997019693'),
(106, 106, 2, 1518.00, 0.00, 'PANDO URUGUAY, 233', 'BATTISTI', 'CEDIDA', 0.00, '989502214'),
(107, 107, 5, 3100.00, 0.00, 'AURINO GUTERRES DE CARVALHO, 1417', 'SANTA TECLA', 'PRÓPRIA FINANCIADA', 0.00, '995695362'),
(108, 108, 5, 3100.00, 0.00, 'AURINO GUTERRES DE CARVALHO, 1417', 'SANTA TECLA', 'PRÓPRIA FINANCIADA', 0.00, '995695362'),
(109, 109, 5, 1894.00, 0.00, 'JACOB BECKER, 18', 'AVIAÇÃO', 'ALUGADA', 630.00, '998294058'),
(110, 110, 4, 4000.00, 0.00, 'AUGUSTO HANSEL, 1994', 'S. NASCENTE', 'PRÓPRIA FINANCIADA', 0.00, '999013603'),
(111, 111, 5, 4500.00, 425.00, 'GUIDO PAULO SCHMIDT, 1150', 'SANTA TECLA', 'ALUGADA', 850.00, '999265566'),
(112, 112, 4, 3000.00, 0.00, 'AUGUSTO SILVEIRA DE MORAES, 3501, BL 14, AP 302', 'BEL VISTA', 'PRÓPRIA', 0.00, '992468929'),
(113, 113, 4, 3100.00, 0.00, '3, 575', 'BATTISTI', 'PRÓPRIA', 0.00, '994605150'),
(114, 114, 3, 1800.00, 0.00, 'FÉLIZ DA CUNHA, 1225, AP 105', 'CENTRO', 'ALUGADA', 0.00, '98939214'),
(115, 115, 5, 1750.00, 0.00, 'A, 4077', 'CIÊNCIA', 'PRÓPRIA', 0.00, '993288230');

INSERT INTO integrante_familia (fk_cod_familia, nome, cpf, parentesco, vinculo_afetivo, ocupacao, endereco, telefone, resp_legal, pessoa_autorizada) VALUES
-- 1. ABNER ALVES DE OLIVEIRA GODOY (Família 1)
(1, 'MICHELE ALVES DA CONCEIÇÃO', '04073271342', 'MÃE', 1, 'DIARISTA', '13 DE MAIO, 147', '99985020217', 1, 1),
(1, 'MAIKE OLIVEIRA DO NASCIMENTO', NULL, 'PAI', 0, 'MARANHÃO', NULL, NULL, 0, 0),
-- 2. ÁGATHA MONIKE WINCK FAGUNDES (Família 2)
(2, 'ANA VANDERLÉIA APARECIDA WINCK', '03012199071', 'MÃE', 1, 'CUIDADORA', 'AUGUSTO HANSEL, 1741', '998721040', 1, 1),
(2, 'JOÃO MAICO FAGUNDES', NULL, 'PAI', 1, 'DESEMPREGADA', NULL, NULL, 0, 0),
-- 3. ALEHANDRO JAIR FERREIRA UFER (Família 3)
(3, 'CARMEM LÚCIA FERREIRA', '00078383013', 'MÃE', 1, 'DIARISTA', 'SETE DE SETEMBRO 2107', '993211579', 1, 1),
(3, 'FÁBIO VIEIRA UFER', NULL, 'PAI', 0, 'X', NULL, NULL, 0, 0),
-- 4. ALERRANDRA CONCEIÇÃO DO AMARAL (Família 4)
(4, 'MARRIETI DA SILVA CONCEIÇÃO', '03132946079', 'MÃE', 1, 'HAAS', 'RICARDO THEODORO PILZ, 2040, AP 01', '995153845', 1, 1),
(4, 'VALDOMIRO RIBEIRO DO AMARAL', NULL, 'PAI', 0, 'HAAS', NULL, NULL, 0, 0),
-- 5. ALEXA VICTORIA RODRIGUEZ MARQUEZ (Família 5)
(5, 'DAYANA YAQUELIN MARQUEZ SALAVE', '71315436248', 'MÃE', 1, 'MECÂNICO/TIAGO PNEUS', 'JÚLIO DE CASTILHOS, 1076, AP 04', '95984263448', 1, 1),
(5, 'CARLOS EDUARDO RODRIGUEZ MONRROY', NULL, 'PAI', 1, 'MECÂNICO/TIAGO PNEUS', NULL, NULL, 0, 0),
-- 6. ALICE AIRES KIST (Família 6)
(6, 'LAÍS CONCEIÇÃO TOLEDO AIRES', '02041992042', 'MÃE', 1, 'DIARISTA', 'CONDE D''EU, 345', '980274179', 1, 1),
(6, 'FÁBIO FELIPE KIST', NULL, 'PAI', 0, 'NÃO MORA JUNTO', NULL, NULL, 0, 0),
-- 7. ANA JÚLIA GARCIA (Família 7)
(7, 'GREICE TAINÁ DIAS', '04127393050', 'IRMÃ', 1, '5QUENTÃO', 'URBANO DIEHL, 2381', '996764996', 1, 1),
(7, 'JÚLIO CÉSAR GARCIA', NULL, 'PAI', 0, 'NÃO MORA JUNTO', NULL, NULL, 0, 0),
-- 8. ANA VYTÓRIA DA SILVEIRA (Família 8)
(8, 'MARIA APARECIDA DA SILVEIRA', '03717047078', 'MÃE', 1, 'CONSIGILO', 'MARECHAL FLORIANO, 3035', '997107969', 1, 1),
(8, 'ZELOIR GONÇALVES', NULL, 'PAI', 1, 'NÃO MORA JUNTO', NULL, NULL, 0, 0),
-- 9. ANDRÉIA DE VARGAS (Família 9)
(9, 'ANDRESSA DE VARGAS', '03368940074', 'IRMÃ', 1, 'SAFRA DE TABACO', '13 DE MAIO, 3468', '993801040', 1, 1),
(9, 'SEM PAI REGISTRAL', NULL, 'PAI', 0, 'SEM PAI REGISTRAL', NULL, NULL, 0, 0),
-- 10. ANTHONY FABIANO DE MOURA DECKER (Família 10)
(10, 'HÉLEN PACHECO DE MOURA', '05231956058', 'MÃE', 1, 'AGENTE ESCOLAR', 'REINALDO SCHMAEDCKE, 2812', '51999175191', 1, 1),
(10, 'LUCAS JOSÉ DECKER', NULL, 'PAI', 1, 'MULTIMEC', NULL, NULL, 0, 0),
-- 11. BENJAMIM DOS SANTOS MARQUES (Família 11)
(11, 'IVANA DOS SANTOS MARQUES', '02912049024', 'MÃE', 1, 'PARESP', 'GETÚLIO VARGAS, 2120', '995063889', 1, 1),
(11, 'IVANA DOS SANTOS MARQUES', NULL, 'PAI', 1, 'SAFRISTA', NULL, NULL, 0, 0),
-- 12. BENJAMIM MARQUES MOREIRA (Família 12)
(12, 'PATRÍCIA ADRIANI MARQUES', '01741252083', 'MÃE', 1, 'COMITÊ DE AÇÃO', 'BARÃO DO TRIUNFO, 425', '980700419', 1, 1),
(12, 'KEVIN MESSIAS MOREIRA', NULL, 'PAI', 1, 'POSITIVO', NULL, NULL, 0, 0),
-- 13. BERNARDO FRANCISCO PADILHA OESTREICH (Família 13)
(13, 'ANDRÉIA JAQUELINE PADILHA', '01618439057', 'MÃE', 1, 'LONI CALÇADOS', 'CONDE D''EU, 345', '980274179', 1, 1),
(13, 'ADILSON OESTREICH', NULL, 'PAI', 0, 'NÃO É O CASO', NULL, NULL, 0, 0),
-- 14. BRENDA AIRES KIST (Família 14)
(14, 'LAÍS CONCEIÇÃO TOLEDO AIRES', '02041992042', 'MÃE', 1, 'DIARISTA', 'CONDE D''EU, 345', '980274179', 1, 1),
(14, 'FÁBIO FELIPE KIST', NULL, 'PAI', 0, 'NÃO MORA JUNTO', NULL, NULL, 0, 0),
-- 15. BRENDON MOISÉS DOS SANTOS RAIMUNDO (Família 15)
(15, 'NICOLLY DOS SANTOS RAIMUNDO', '10738904651', 'MÃE ADOTIVA', 1, 'AUXILIAR PRODUÇÃO', 'ACESSO DONA LEOPOLDINA, 3602, AP 206', '980150216', 1, 1),
(15, 'MÃE ADOTIVA', NULL, 'PAI', 0, 'POSITIVO', NULL, NULL, 0, 0),
-- 16. BRYAN ROSA DE MORAES (Família 16)
(16, 'ANDRÉIA DA ROSA', '01377755045', 'MÃE', 1, 'CALÇADISTA', 'SETE DE SETEMBRO, 299', '998375561', 1, 1),
(16, 'THOMAZ FILIPE RANGEL DA ROSA', NULL, 'PADRASTO', 1, 'FAIRES', NULL, NULL, 0, 0),
-- 17. CAMILA GABRIELA PARANAGUÁ (Família 17)
(17, 'ANDRIÉLE ADRIANA CHAVES', '03177037060', 'MÃE', 1, 'FAIRES', 'VOLUNTÁRIOS DA PÁTRIA, 1420, BL 00, AP 105', '989622971', 1, 1),
(17, 'IDEM (Padrasto)', NULL, 'PADRASTO', 1, 'TERCEIRIZADO/JMC', NULL, NULL, 0, 0),
-- 18. CAUAN DAVI DOS SANTOS BECKER (Família 18)
(18, 'MARIA FÁTIMA DOS SANTOS BECKER', '00879565004', 'MÃE', 1, 'LENZ', 'REINALDO SCHMAEDCKE, 1857', '999737085', 1, 1),
(18, 'JAIME ROBERTO BECKER', NULL, 'PAI', 1, 'ITALO GUILHERME PEREIRA - FALECIDO', NULL, NULL, 0, 0),
-- 19. CRISTIAN AUGUSTO PEREIRA (Família 19)
(19, 'SANDRA REGINA MARQUARDT', '53527100091', 'AVÓ M', 1, 'DIARISTA - ODONTO', 'FREDERICO CLOSS, 350', '981232373', 1, 1),
(19, 'JAMILE DE ALMEIDA BECKER', NULL, 'MÃE', 1, 'VENDEDOR', NULL, NULL, 0, 0),
-- 20. DANIEL HENRIQUE DE ALMEIDA (Família 20)
(20, 'JANE DE ALMEIDA', '00785557016', 'MÃE', 1, 'DOMÉSTICA', 'FREDERICO CLOSS, 350', '981232373', 1, 1),
(20, 'AIRTON', NULL, 'PAI', 0, 'X', NULL, NULL, 0, 0),
-- 21. DAVI FELLIPE MARQUES (Família 21)
(21, 'PATRÍCIA ADRIANI MARQUES', '01741252083', 'MÃE', 1, 'CASA DE ACOLHIMENTO', 'GETÚLIO VARGAS, 2120', '995063889', 1, 1),
(21, 'LUIZ ANTONIO PADUA LOPES', NULL, 'PAI', 1, 'POSITIVO', NULL, NULL, 0, 0),
-- 22. DAVI LUCAS DA SILVA (Família 22)
(22, 'ANGELA MARIA DA SILVA', '83641602068', 'MÃE', 1, 'SAFRA DE TABACO', 'BARÃO DO TRIUNFO, 2665', '996251612', 1, 1),
(22, 'SEM PAI REGISTRAL', NULL, 'PAI', 0, 'AUXILIAR DE PEDREIRO', NULL, NULL, 0, 0),
-- 23. DAVI RAFAEL ÁVILA FACCHI (Família 23)
(23, 'VANDRA DA ROCHA ÁVILA', '81231849053', 'MÃE', 1, 'VENÂNCIO METAL', 'WILLIBALDO STERTZ, 2213', '994564972', 1, 1),
(23, 'RAFAEL TIAGO FACCHI', NULL, 'PAI', 1, 'ARLY BIKES', NULL, NULL, 0, 0),
-- 24. DHEYCOB RICARDO DOS SANTOS ALVES (Família 24)
(24, 'JENNIFER AMANDA DOS SANTOS ALVES', '02834268029', 'MÃE', 1, 'AUXÍLIO DOENÇA', 'LUÍS CARLOS LEUCKERT, 411', '555191965648', 1, 1),
(24, 'MATHEUS HENRIQUE ALVES', NULL, 'PAI', 1, 'AUXÍLIO DOENÇA', NULL, NULL, 0, 0),
-- 25. DJONATAN DE OLIVEIRA KROTH (Família 25)
(25, 'LOUVANI MARIA DE OLIVEIRA', '00510288081', 'MÃE', 1, 'DESEMPREGADA', 'ARMANDO RUSCHEL, 1217', '992533006', 1, 1),
(25, 'NÃO MORA JUNTO', NULL, 'PAI', 0, 'NÃO MORA JUNTO', NULL, NULL, 0, 0),
-- 26. EDUARDA DE CAMPOS GOELZER (Família 26)
(26, 'JOSÉLIA DE CAMPOS', '02472003013', 'MÃE', 1, 'SCHULZ CONFEC.', 'ROTARY CENTENÁRIO, 164', '995650075', 1, 1),
(26, 'VANDERLEI ANDRE GOELZER', NULL, 'PAI', 1, 'NÃO MORA JUNTO', NULL, NULL, 0, 0),
-- 27. ELENA JOAQUINA DA CRUZ FERREIRA (Família 27)
(27, 'SABRINA DA CRUZ', '02472003013', 'MÃE', 1, 'JOIA/PRATO FEITO', 'EMÍLIO SELBACH, 1241', '996061605', 1, 1),
(27, 'ROMALINO DE JESUS PORTO FERREIRA', NULL, 'PAI', 1, 'DÉCIO CARLOS WESCHENFELDER', NULL, NULL, 0, 0),
-- 28. ELIABY JUNIOR DE MORAES (Família 28)
(28, 'JOCELI REGINA DE MORAES', '01380134030', 'MÃE', 1, 'AUXILIAR DE LIMPEZA', 'AUGUSTO SILVEIRA DE MORAES, 3501, BL 04, AP 404', '996881757', 1, 1),
(28, 'JANDIR FRANCISCO ALVES DE MORAES', NULL, 'PAI', 0, 'MEDIDA PROTETIVA', NULL, NULL, 0, 0),
-- 29. ELOÁ VITÓRIA DUTRA (Família 29)
(29, 'MICHELE JAQUELINE DUTRA', '03171887045', 'MÃE', 1, 'DIARISTA', 'VISCONDE DO RIO BRANCO, 169', '992891661', 1, 1),
(29, 'MÁRCIO ROBERTO NUNES', NULL, 'PAI', 0, 'NÃO MORA JUNTO', NULL, NULL, 0, 0),
-- 30. EMELY BEATRIZ PILZ (Família 30)
(30, 'DENISE PINHEIRO DOS SANTOS PILZ', '01654922013', 'MÃE', 1, 'BOM FRANGO', 'AUGUSTO SILVEIRA DE MOARES, 3501, BL 13, AP 401', '980659712', 1, 1),
(30, 'RENATO PILZ', NULL, 'PAI', 0, 'NÃO MORA JUNTO', NULL, NULL, 0, 0),
-- 31. EMILYN CAMILI RIBEIRO (Família 31)
(31, 'JURACI BORTOLINI MARQUES', '63720469034', 'AVÓ PATERNA', 1, 'VENÂNCIO METAL', 'GASTÃO GUEDES, 2050', '997127073', 1, 1),
(31, 'X', NULL, 'PAI', 0, 'X', NULL, NULL, 0, 0),
-- 32. ENRIQUE FERNANDES DHIEL (Família 32)
(32, 'IARA BEATRIS XAVIER FERNANDES', '02291167014', 'MÃE', 1, 'VENÂNCIO METAL', 'EDMUNDO FEIX, 1685, BL 14, AP 304', '996498010', 1, 1),
(32, 'CLAUDIOMIRO DIEHL', NULL, 'PAI', 0, 'NÃO MORA JUNTO', NULL, NULL, 0, 0),
-- 33. ENZO GABRIEL ARENHARDT (Família 33)
(33, 'ROMILDA RODRIGUES DA SILVA', '00847587088', 'MÃE', 1, 'COZINHEIRA', 'ORESTES BUZATA, 121 , CASA 1', '997371899', 1, 1),
(33, 'DOUGLAS ANDRÉ ARENHARDT', NULL, 'PAI', 1, 'NÃO MORA JUNTO', NULL, NULL, 0, 0),
-- 34. ENZO GONÇALO SILVA ASSIS (Família 34)
(34, 'QUIMBERLI SOARES DA SILVA', '86034642000', 'MÃE', 1, 'CABELEREIRA/DIARISTA', 'HILDA BORGES DE ALMEIDA, 294', '980593118', 1, 1),
(34, 'TALISSON JUNIOR DE MOURA ASSIS', NULL, 'PAI', 0, 'MEDIDA PROTETIVA', NULL, NULL, 0, 0),
-- 35. ÉRICK ANTÔNIO DE BRITO (Família 35)
(35, 'JANAÍNA BEATRIZ WATTE', '02877621065', 'MÃE', 1, 'BADE', '3, 541', '995183880', 1, 1),
(35, 'GERSON ANTÔNIO DE BRITO', NULL, 'PAI', 0, 'NÃO MORA JUNTO', NULL, NULL, 0, 0),
-- 36. ERIK MATEUS DOS SANTOS (Família 36)
(36, 'ANDRESSA CRISTINA MARQUES ALMEIDA', '03165548048', 'MÃE', 1, 'VENÂNCIO METAL', 'JOAQUIM CORREA LIMA, 531', '997729620', 1, 1),
(36, 'NÃO MORA JUNTO', NULL, 'PAI', 0, 'MADEPINUS', NULL, NULL, 0, 0),
-- 37. ESTER SOFIA QUEIROZ DUTRA (Família 37)
(37, 'PAOLA QUEIROZ', '02483896022', 'MÃE', 1, 'SAFRA CTA', 'AUGUSTO SILVEIRA DE MORAES, 3501, BL 15, AP 201', '999259560', 1, 1),
(37, 'LÁSARO ROSA DUTRA', NULL, 'PAI', 0, 'CJ CAR', NULL, NULL, 0, 0),
-- 38. ESTEVÃO DE BORBA JANTSCH (Família 38)
(38, 'JAQUELINE ALMEIDA DE BORBA CARDOSO', '02449088008', 'MÃE', 1, 'WINCK E GIEHL', 'SETE DE SETEMBRO, 1275', '981872296', 1, 1),
(38, 'CHALES JANTSCH', NULL, 'PAI', 1, 'FAIRES', NULL, NULL, 0, 0),
-- 39. GABRIEL AUGUSTO FERNANDES (Família 39)
(39, 'FERNANDA HEINEN DA SILVA', '02675624039', 'MÃE', 1, 'BRASFUMO', 'LUÍS CARLOS LEUCKERT, 321 - fundos', '999768533', 1, 1),
(39, 'EDSON RICARDO FERNANDES', NULL, 'PAI', 0, 'NÃO MORA JUNTO', NULL, NULL, 0, 0),
-- 40. GABRIEL HENRIQUE PEREIRA MARQUES (Família 40)
(40, 'JADIR DOS SANTOS MARQUES', '56199414004', 'PAI', 1, 'PEDREIRO', 'DUQUE DE CAXIAS, 166, AP 203 BL01', '993452050', 1, 1),
(40, 'IDEM (PAI)', NULL, 'MÃE', 1, 'VENÂNCIO METAL', NULL, NULL, 0, 0),
-- 41. GABRIEL MARCELO GRÜNHAÜSER (Família 41)
(41, 'IASMIN BEATRIS SIMSEN', '02994708060', 'MÃE', 1, 'COSTURE', 'SERVIDÃO RODOLFO FELTEN, 727', '980531923', 1, 1),
(41, 'CLÁUDIO MARCELO GRÜNHAUSER', NULL, 'PAI', 1, 'PEDREIRO', NULL, NULL, 0, 0),
-- 42. GUSTAVO DE MELLO SILVEIRA (Família 42)
(42, 'MARIA GASPARINA DE MELLO', '76480593049', 'MÃE', 1, 'AUXÍLIO DOENÇA', 'SETE DE SETEMBRO, 1275', '981872296', 1, 1),
(42, 'JORGE ROBERTO SILVEIRA', NULL, 'PAI', 1, 'EQUADOR', NULL, NULL, 0, 0),
-- 43. GUSTAVO RAFAEL CAMARA (Família 43)
(43, 'VANUSA INES FERREIRA', '01251395007', 'MÃE', 1, 'HSSM', 'SERVIDÃO RODOLFO FELTEN, 727', '980531923', 1, 1),
(43, 'GILMAR CÂMARA', NULL, 'PAI', 0, 'NÃO MORA JUNTO', NULL, NULL, 0, 0),
-- 44. HELENA BEATRIZ CAMARGO (Família 44)
(44, 'ANDRESSA HEINEN DA SILVA', '03414650037', 'MÃE', 1, 'DIARISTA', 'LUÍS CARLOS LEUCKERT, 321 - fundos', '999768533', 1, 1),
(44, 'ISMAEL CARLOS CAMARGO', NULL, 'PAI', 0, 'NÃO MORA JUNTO', NULL, NULL, 0, 0),
-- 45. ÍGOR JESUS SOARES LEITE (Família 45)
(45, 'AMANDA CRISTIANE DOS SANTOS DA SILVA', '03453326016', 'MÃE', 1, 'FAIRES', 'CLEMENTINA PEREIRA, 578', '993425318', 1, 1),
(45, 'IDEM (PAI)', NULL, 'PAI', 0, 'NÃO É O CASO', NULL, NULL, 0, 0),
-- 46. ISABELLY ELOAH DOS SANTOS (Família 46)
(46, 'LUIS FERNANDO DOS SANTOS', '98413740053', 'PAI', 1, 'TAXISTA', 'GUIDO PAULO SCHMIDT, 1150', '99265566', 1, 1),
(46, 'JULIA NARA BEROLOTO DELÓ', NULL, 'MÃE', 1, 'SEGURO DESEMPREGO', NULL, NULL, 0, 0),
-- 47. ISADORA DA SILVA WEISS (Família 47)
(47, 'LAUREN WEISS DOS SANTOS COSTA', '86995081072', 'IRMÃ', 1, 'PANVEL', 'SIBILA BOHN, 620', '999706020', 1, 1),
(47, 'NÃO POSSUI CONTATO', NULL, 'PAI', 0, 'NÃO POSSUI CONTATO', NULL, NULL, 0, 0),
-- 48. IZADORA EMANUELLY ASSMANN SOARES (Família 48)
(48, 'MÁRIO ANDRÉ SOARES', '01092759000', 'PAI', 1, 'JARDINAGEM/PINTURA', 'EDMUNDO FEIX, 1685, BL 12, AP 303', '996874218', 1, 1),
(48, 'CAMILA JAQUELINE ASSMANN DA COSTA', NULL, 'MÃE', 0, 'VENÂNCIO METAL', NULL, NULL, 0, 0),
-- 49. JOSÉ GABRIEL DA SILVA (Família 49)
(49, 'TAIANE RODRIGUES DOS SANTOS DA SILVA', '01438178093', 'MÃE', 1, 'VENÂNCIO METAL', 'SIBILA BONH, 620', '999706020', 1, 1),
(49, 'MARCELO JOSÉ DA SILVA', NULL, 'PAI', 1, 'VENÂNCIO METAL', NULL, NULL, 0, 0),
-- 50. JÚLIA DA SILVA NIELAND (Família 50)
(50, 'FRANSUELEM ADRIANE DA SILVA DOS SANTOS', '01810261040', 'MÃE', 1, 'DIARISTA', 'HENRIQUE MILLYUS, 2015, BL A, AP 11', '994324882', 1, 1),
(50, 'JULIO CESAR NIELAND', NULL, 'PAI', 0, 'IDEM (NÃO MORA JUNTO)', NULL, NULL, 0, 0),
-- 51. JULIANA WEISS NORMANN GUINÉ (Família 51)
(51, 'LAUREN WEISS DOS SANTOS COSTA', '86995081072', 'IRMÃ', 1, 'PANVEL', 'SIBILA BOHN, 620', '999706020', 1, 1),
(51, 'NÃO POSSUI CONTATO', NULL, 'PAI', 0, 'NÃO POSSUI CONTATO', NULL, NULL, 0, 0),
-- 52. JULIANO AUGUSTO DELÓ DA SILVEIRA (Família 52)
(52, 'ELIANDRO AMARAL DA SILVEIRA', '99959739015', 'PAI', 1, 'FAIRES', 'CLEMENTINA PEREIRA, 578', '993425318', 1, 1),
(52, 'JULIA NARA BEROLOTO DELÓ', NULL, 'MÃE', 1, 'IDEM', NULL, NULL, 0, 0),
-- 53. JUSTINE VITÓRIA DA COSTA (Família 53)
(53, 'NADIR TERESINHA DOS SANTOS', '00457501065', 'MÃE', 1, 'AUTÔNOMA INSS', 'AUGUSTO SILVEIRA DE MORAES, 706', '995512654', 1, 1),
(53, 'JORGE LUÍS DA COSTA', NULL, 'PAI', 1, 'APOSENTADO/AUTÔNOMO', NULL, NULL, 0, 0),
-- 54. KAUANI GRAEFF DE ANHANHA (Família 54)
(54, 'JANAINE CATIANA GRAEFF', '76707105000', 'MÃE', 1, 'DIARISTA', '1º DE MARÇO, 2651, CIDADE ALTA', '990172050', 1, 1),
(54, 'IMEC - REP.', NULL, 'PAI', 0, 'IDEM', NULL, NULL, 0, 0),
-- 55. KAUANNE CLAUDETE DA SILVA OLIVEIRA (Família 55)
(55, 'MAURA LUCIA DA SILVA SANTOS', '76547205215', 'MÃE', 1, 'VENÂNCIO METAL', 'GUIDO PAULO SCHMIDT, 1150', '99265566', 1, 1),
(55, 'ZALOAR PEREIRA DE OLIVEIRA', NULL, 'PAI', 0, 'NÃO MORA JUNTO', NULL, NULL, 0, 0),
-- 56. KAUÊ EMANUEL PALHARES VIANNA (Família 56)
(56, 'JAMILE PALHARES MARCELLO VIANA', '03153642036', 'MÃE', 1, 'TATI PRADELLA', 'SIBILA BOHN, 620', '999706020', 1, 1),
(56, 'ISMAEL VILANTE', NULL, 'PAI', 0, 'AMÉRICA TAMPAS', NULL, NULL, 0, 0),
-- 57. LAURA ROBERTA NUNES (Família 57)
(57, 'DAIANE NUNES', '83960236034', 'MÃE', 1, 'SOBREMONTE', 'HENRIQUE MILLYUS, 2015, BL A, AP 11', '994324882', 1, 1),
(57, 'ROBERTO GOMES NUNES', NULL, 'PAI', 0, 'IDEM (NÃO MORA JUNTO)', NULL, NULL, 0, 0),
-- 58. LAVÍNIA MARIA VIANNA VILANTE (Família 58)
(58, 'JAMILE PALHARES MARCELLO VIANA', '03153642036', 'MÃE', 1, 'TATI PRADELLA', 'EDMUNDO FEIX, 1685, BL 12, AP 303', '996874218', 1, 1),
(58, 'ISMAEL VILANTE', NULL, 'PAI', 0, 'AMÉRICA TAMPAS', NULL, NULL, 0, 0),
-- 59. LAWRENCE SAINTIA (Família 59)
(59, 'AMANDA SAINTIA', '60101157010', 'MÃE', 1, 'DESEMPREGADA', 'BENNO BREUNIG, 460', '996569665', 1, 1),
(59, 'DESCONHECIDO', NULL, 'PAI', 0, 'NÃO MORA JUNTO', NULL, NULL, 0, 0),
-- 60. LEONARDO SCHMIDT ALVES DA LUZ (Família 60)
(60, 'LEONICE SCHMIDT', '95150412015', 'MÃE', 1, 'DISRISTA', '3316', '980579120', 1, 1),
(60, 'JOSÉ ALVES DA LUZ', NULL, 'PAI', 0, 'FAIRES', NULL, NULL, 0, 0),
-- 61. LEONARDO VINICIUS FARIAS HICKMANN (Família 61)
(61, 'GRAZIELA TEREZINHA FARIAS', '00131119060', 'MÃE', 1, 'SCHULZ CONFEC.', 'JÚLIO DE CASTILHOS, 1076, AP 04', '95984263448', 1, 1),
(61, 'EDOSN HICKMANN', NULL, 'PAI', 0, 'MECÂNICO/TIAGO PNEUS', NULL, NULL, 0, 0),
-- 62. LETIZIA HOREB RODRIGUEZ MARQUEZ (Família 62)
(62, 'DAYANA YAQUELIN MARQUEZ SALAVE', '71315436248', 'MÃE', 1, 'NÃO É PRESENTE', 'DUQYE DE CAXIAS, 3150', '989923273', 1, 1),
(62, 'CARLOS EDUARDO RODRIGUEZ MONRROY', NULL, 'PAI', 1, 'NÃO É PRESENTE', NULL, NULL, 0, 0),
-- 63. LÍAH NADEJ CAMARGO DA ROCHA (Família 63)
(63, 'JÉSSICA CAMARGO DA ROCHA', '02746400073', 'MÃE', 1, 'STOK CENTER', 'MARECHAL FLORIANO, 49', '555195009093', 1, 1),
(63, 'MÃE SOLO', NULL, 'PAI', 0, 'NÃO SABE', NULL, NULL, 0, 0),
-- 64. LÍVIA DA SILVA (Família 64)
(64, 'JEANNE MOARES DA SILVA', '04780255058', 'MÃE', 1, 'VENÂNCIO METAL', 'OTHILDES COSTA DA ROSA, 1923', '998385603', 1, 1),
(64, 'NÃO MORA JUNTO', NULL, 'PAI', 0, 'AUSENTE', NULL, NULL, 0, 0),
-- 65. LÍVIA EMANUELLY POSSELT DA SILVA (Família 65)
(65, 'IRIELE MININKELI POSSELT', '04104586005', 'MÃE', 1, 'FB NET', 'ARNO ARTHUR STAUB, 621', '999059194', 1, 1),
(65, 'OZENIL DA SILVA JUNIOR', NULL, 'PAI', 0, 'SUPER LENZ', NULL, NULL, 0, 0),
-- 66. LÍVIA MIRANDOLLI DA SILVEIRA (Família 66)
(66, 'CRISTINA HUVE', '93285191015', 'MÃE', 1, 'COLOMBO', 'ARLINDO MARQUETTO, 95', '994450948', 1, 1),
(66, 'ISRAEL SIBÉLIOS MIRANDOLLI DA SILVEIRA', NULL, 'PAI', 0, 'AUX. MECÂNICO/VALEC', NULL, NULL, 0, 0),
-- 67. LÍVIA MURIELA DOS SANTOS (Família 67)
(67, 'LILIAN MURIEL MATTIE', '03115947003', 'MÃE', 1, 'LOJA 50ENTÃO', 'VOLUNTÁRIOS DA PÁTRIA, 465', '998628832', 1, 1),
(67, 'JÉFERSON LUÍS DOS SANTOS', NULL, 'PAI', 0, 'AUXILIAR DE MECÂNICO', NULL, NULL, 0, 0),
-- 68. LORENZO DA SILVEIRA MARTIN (Família 68)
(68, 'JULIETI FABIANE DA SILVEIRA', '01032624078', 'MÃE', 1, 'PÃO E CIA', 'URBANO DIEHL, 2380', '996764996', 1, 1),
(68, 'JOEL MARTIN', NULL, 'PAI', 1, 'AMÉRICA TAMPAS', NULL, NULL, 0, 0),
-- 69. LORENZZO GABRIEL GARCIA (Família 69)
(69, 'GREICE TAINÁ DIAS', '04127393050', 'MÃE', 1, '5QUENTÃO', 'SEM DENOMINAÇÃO, 2316', '999688528', 1, 1),
(69, 'LUCAS DA SILVA GARCIA', NULL, 'PAI', 1, 'CORSAN/AEGEA', NULL, NULL, 0, 0),
-- 70. LUCAS GABRIEL RODRIGUES DOS SANTOS (Família 70)
(70, 'ELTON JOSÉ RODRIGUES DOS SANTOS', '03886264025', 'PAI', 1, 'CORSAN/AEGEA', 'SEM DENOMINAÇÃO, 2316', '999688528', 1, 1),
(70, 'JAQUELINE DAIANE RODRIGUES', NULL, 'MÃE', 0, 'FALECIDA', NULL, NULL, 0, 0),
-- 71. LUÍS OTÁVIO DE SOUZA NUNES (Família 71)
(71, 'KELLY SILVA DE SOUZA NUNES', '03986393021', 'MÃE', 1, 'MADRUGADA', 'AUGUSTO HANSEL, 1614', '998760181', 1, 1),
(71, 'PATRICK DUMUND VAZ NUNES', NULL, 'PAI', 1, 'ALFA', NULL, NULL, 0, 0),
-- 72. LUIZA FERREIRA DE MACEDO (Família 72)
(72, 'FERNANDA FERREIRA', '00354360000', 'MÃE', 1, 'A PROCURA', 'NÉLSIO BOGORNY, 2815', '995350176', 1, 1),
(72, 'VOLNEI ANTÔNIO DE MACEDO', NULL, 'PAI', 1, 'CAMINHENEIRO', NULL, NULL, 0, 0),
-- 73. MARCELA GABRIELLY DA SILVA (Família 73)
(73, 'TAIANE RODRIGUES DOS SANTOS DA SILVA', '01438178093', 'MÃE', 1, 'VENÂNCIO METAL', 'DUQUE DE CAXIAS, 166, AP 203 BL01', '993452050', 1, 1),
(73, 'MARCELO JOSÉ DA SILVA', NULL, 'PAI', 1, 'VENÂNCIO METAL', NULL, NULL, 0, 0),
-- 74. MARINA VIEIRA AGNES (Família 74)
(74, 'JULIANA DA ROSA VIEIRA', '00638456010', 'MÃE', 1, 'AUXILIAR DE LIMPEZA', 'BARÃO DO TRIUNFO, 1291', '989443645', 1, 1),
(74, 'ALEXANDRE RAFAEL AGNES', NULL, 'PAI', 0, 'NÃO MORA JUNTO', NULL, NULL, 0, 0),
-- 75. MIGUEL ANTONY DA SILVA (Família 75)
(75, 'MÁRCIA REGINA DA SILVA', '95659056091', 'MÃE', 1, 'CUIDADORA', 'AUGUSTO SILVEIRA DE MORAES, 3501, BL 10, AP 5', '989418578', 1, 1),
(75, 'LUÍS FERNANDO DOS SANTOS', NULL, 'PAI', 1, 'NÃO MORA JUNTO', NULL, NULL, 0, 0),
-- 76. MIGUEL LUÍS FERREIRA UFER (Família 76)
(76, 'CARMEM LÚCIA FERREIRA', '00078383013', 'AVÓ M', 1, 'DIARISTA', 'SETE DE SETEMBRO, 2107', '993211579', 1, 1),
(76, 'FÁBIO VIEIRA UFER', NULL, 'PAI', 0, 'X', NULL, NULL, 0, 0),
-- 77. MILENA GABRIELE RODRIGUES DOS SANTOS (Família 77)
(77, 'ELTON JOSÉ RODRIGUES DOS SANTOS', '03886264025', 'PAI', 1, 'CORSAN/AEGEA', 'SEM DENOMINAÇÃO, 2316', '999688528', 1, 1),
(77, 'JAQUELINE DAIANE RODRIGUES', NULL, 'MÃE', 0, 'FALECIDA', NULL, NULL, 0, 0),
-- 78. MONIQUE GABRIELLY BENDER DA SILVA (Família 78)
(78, 'DAIANA SCHERER BENDER', '01016513097', 'MÃE', 1, 'MAPELLO', 'JACOB BECKER, 18', '998294058', 1, 1),
(78, 'JÉFERSON CRISTIANO DA SILVA', NULL, 'PAI', 0, 'NÃO MORA JUNTO', NULL, NULL, 0, 0),
-- 79. MONIQUE TALITA VICENTE DOS SANTOS (Família 79)
(79, 'MARIA ALICE VICENTE', '00162818025', 'MÃE', 1, 'COZINHEIRA', 'JOSEFREDO METZDORF, 319', '996437505', 1, 1),
(79, 'EDERSON LUIZ DOS SANTOS', NULL, 'PAI', 0, 'IDEM', NULL, NULL, 0, 0),
-- 80. MORIÉL ELIAS SCHEIBLER (Família 80)
(80, 'ROSANE MARTA DA SILVA', '01987406036', 'MÃE', 1, 'SAFRA DE TABACO', 'RANDOLFO RODRIGUES CHAVES, 1059', '980420458', 1, 1),
(80, 'IDEM (PAI)', NULL, 'PAI', 0, 'VENDEDOR', NULL, NULL, 0, 0),
-- 81. NICOLLAS EDUARDO RODRIGUES (Família 81)
(81, 'VERIDIANA LUIZA XAVIER', '03054230023', 'MÃE', 1, 'DIARISTA', 'CONDE D''EU, 534', '98658217', 1, 1),
(81, 'MOISES RODRIGUES', NULL, 'PAI', 0, 'IDEM', NULL, NULL, 0, 0),
-- 82. NICOLLAS JOÃO DUTRA SIQUEIRA (Família 82)
(82, 'ANALÚ RAFAELA DUTRA', '85406473034', 'MÃE', 1, 'GOTTEMS', 'LINHA GRÃO PARA, 595', '992400584', 1, 1),
(82, 'IDEM (PAI)', NULL, 'PAI', 0, 'IDEM', NULL, NULL, 0, 0),
-- 83. NICOLY RAFAELA PATAN JANTSCH (Família 83)
(83, 'JULIANA ANDREIA PATAN DOS SANTOS', '02747819051', 'MÃE', 1, 'CTA - VARREDEIRA', 'CLÁUDIO RECKZIEGEL, 1809, AP 4', '998067115', 1, 1),
(83, 'LÚCIO JOSÉ BARDEN', NULL, 'PAI', 1, 'EQUADOR', NULL, NULL, 0, 0),
-- 84. OSCARLI REBECA NORIEGA NUNEZ (Família 84)
(84, 'DANIELA VALENTINA NUNEZ CARRASCO', '60305709003', 'MÃE', 1, 'MONTADORA', 'CONDE D''EU, 682', '992689464', 1, 1),
(84, 'CARLOS DAVID NORIEGA BRITO', NULL, 'PAI', 0, 'NÃO É O CASO', NULL, NULL, 0, 0),
-- 85. PYETRA DOS SANTOS (Família 85)
(85, 'NEIVA FERNANDA BORGES DOS SANTOS', '00496270079', 'MÃE', 1, 'DOMÉSTICA - ESCRITÓRIO', 'CÂNDIDO DE MOURA, 1323, BL 08, AP 303', '996347803', 1, 1),
(85, 'SEM PAI REGISTRAL', NULL, 'PAI', 0, 'NÃO É O CASO', NULL, NULL, 0, 0),
-- 86. RAFAEL HORN DOS SANTOS (Família 86)
(86, 'LOIVA HORN', NULL, 'MÃE', 1, 'AMPELIA REST.', 'DUQUE DE CAXIAS, 166, APTO 203', '994125965', 1, 1),
(86, 'MARCOS DANIEL DOS SANTOS', NULL, 'PAI', 1, 'DOENÇA - INSS', NULL, NULL, 0, 0),
-- 87. RAFAELA GABRIELE RIBEIRO DA LUZ FREITAS (Família 87)
(87, 'JÚLIA GABRIELA TAVARES RIBEIRO', '02936724074', 'MÃE', 1, 'BARBEIRA', 'DUQUE DE CAXIAS, 166, APTO 203', '994125965', 1, 1),
(87, 'IDEM (PAI)', NULL, 'PAI', 0, 'IDEM', NULL, NULL, 0, 0),
-- 88. RAIANNE RAIELI DA TRINDADE DOS SANTOS (Família 88)
(88, 'MARLI TERESINHA DA TRINDADE', '00326263047', 'MÃE', 1, 'MONITORA - CAJ', 'CONDE D''EU, 682', '992689464', 1, 1),
(88, 'JOÃO ADRIANO DOS SANTOS', NULL, 'PAI', 1, 'NÃO É O CASO', NULL, NULL, 0, 0),
-- 89. RHANA RIELI
(89, 'MARLI TERESINHA DA TRINDADE', '00326263047', 'MÃE', 1, 'MONITORA - CAJ', 'DUQUE DE CAXIAS, 166, BL 03, 203', '994125965', 1, 1),
(89, 'JOÃO ADRIANO DOS SANTOS', NULL, 'PAI', 1, 'DOENÇA - INSS', NULL, NULL, 0, 0),

-- 90. SAMIRA BEATRIZ DIOGO
(90, 'ELIANE BEATRIZ DOS SANTOS DIOGO', '58652590087', 'MÃE', 1, 'DIARISTA/RECICLADORA', 'A, 4077', '993288230', 1, 1),
(90, 'JORGE ALEXANDRE DIOGO', NULL, 'PAI', 0, 'FALECIDO', NULL, NULL, 0, 0),

-- 91. SAMIRA KLAUS DA SILVA
(91, 'VANDERLEI DA SILVA', '53417747015', 'PAI', 1, 'SAFRA DE TABACO', 'ODETE DE SOUZA MASCHIO, 472', '995698181', 1, 1),
(91, 'IVANISE KLAUS', NULL, 'MÃE', 0, 'FALECIDA', NULL, NULL, 0, 0),

-- 92. SAMUEL NUNES DA GAMA
(92, 'GELOCI NUNES DA GAMA', '02270068017', 'MÃE', 1, 'FRIGORÍFICO VIANNA', 'LINHA RINCÃO DE SOUZA', '995497644', 1, 1),
(92, 'EDEMAR DA GAMA', NULL, 'PAI', 1, 'MOTORITA/SCHUSTER', NULL, NULL, 0, 0),

-- 93. SAMUEL SILVA QUINTANA
(93, 'MÁRIO VANDERCI QUINTANA', '57669279087', 'PAI', 1, 'AGRICULTOR/SAFRISTA', 'LINDOSO, 51', '992915843', 1, 1),

-- 94. SANTIAGO GABRIEL NASCIMENTO HERMES
(94, 'DELONI NASCIMENTO SOARES', '03338227060', 'MÃE', 1, 'AUXILIAR DE PRODUÇÃO - BRF', 'DUQUE DE CAXIAS, 166, BL 01, AP 201', '996417272', 1, 1),
(94, 'LUIS PRADO HERMES', NULL, 'PAI', 0, 'NÃO MORA JUNTO', NULL, NULL, 0, 0),

-- 95. SARAH DOS SANTOS MACIEL
(95, 'JAQUELINE DOS SANTOS MACIEL', '02410632050', 'MÃE', 1, 'SALGADOS ANDRÉIA', 'ARMANDO RUSCHEL, 448', '984645805', 1, 1),
(95, 'ADEMIR FONTOURA MACIEL', NULL, 'PAI', 1, 'CHEFE DE NÚCLEO - PMVA', NULL, NULL, 0, 0),

-- 96. SIMEÃO SILVA QUINTANA
(96, 'MÁRIO VANDERCI QUINTANA', '57669279087', 'PAI', 1, 'AGRICULTOR/SAFRISTA', 'LINDOSO, 51', '992915843', 1, 1),

-- 97. SOFIA EMANUELLE WEISS
(97, 'THALIA METZ', '04215090075', 'MÃE', 1, 'HAAS', 'ANTONIO CARLOS, 713', '995911507', 1, 1),
(97, 'GIOVANI HENIQUE SCHMACHTENBERG', NULL, 'PAI', 1, 'SAFRA DE FUMO', NULL, NULL, 0, 0),

-- 98. STHEFANY GABRIELA ALVES DA CRUZ
(98, 'LEDI DA SILVA ALVES', '01313373001', 'MÃE', 1, 'FAVORITO', 'DUQUE DE CAXIAS, 166, BL 2, AP 101', '995859997', 1, 1),
(98, 'DARCI SALVADOR MOREIRA', NULL, 'PADRASTO', 1, 'PEDREIRO', NULL, NULL, 0, 0),

-- 99. TAILER FRANCISCO DA CRUZ FERREIRA
(99, 'SABRINA DA CRUZ', '03293803032', 'MÃE', 1, 'JOIA/PRATO FEITO', 'LUÍS CARLOS LEUCKERT, 411', '997744450', 1, 1),
(99, 'ROMALINO DE JESUS PORTO FERREIRA', NULL, 'PAI', 0, 'NÃO MORA JUNTO', NULL, NULL, 0, 0),

-- 100. THAMIRIS EMANUELLI DOS SANTOS CARPIS
(100, 'TERESA SALETE DOS SANTOS', '00833094033', 'MÃE', 1, 'SUPER LENZ', '4, 585', '997546191', 1, 1),
(100, 'DIEGO DUARTE CARPIS', NULL, 'PAI', 0, 'NÃO MORA JUNTO', NULL, NULL, 0, 0),

-- 101. THEODÓRO DA SILVA PAZ
(101, 'JEANNE MOARES DA SILVA', '04780255058', 'MÃE', 1, 'VENÂNCIO METAL', 'MARECHAL FLORIANO, 49', '998796823', 1, 1),
(101, 'NÃO MORA JUNTO', NULL, 'PAI', 0, 'NÃO SABE', NULL, NULL, 0, 0),

-- 102. THEYLOR ROSA DE MORAES
(102, 'ANDRÉIA DA ROSA', '01377755045', 'MÃE', 1, 'CALÇADISTA', 'VEREADOR ARMANDO BECKER, 1040', '993277833', 1, 1),
(102, 'IDEM', NULL, 'PAI', 1, 'EMP.', NULL, NULL, 0, 0),

-- 103. VALENTIM DA ROSA DO NASCIMENTO
(103, 'TAINÁ ALMEIDA DA ROSA', '03992265080', 'MÃE', 1, 'CTA - APONTADORA', 'LINHA SANTA TECLA, 2600', '51999025238', 1, 1),
(103, 'MÃE SOLO', NULL, 'PAI', 1, 'IDEM', NULL, NULL, 0, 0),

-- 104. VALENTINA DUARTE DA ROSA
(104, 'CLÁUDIA REJANE DUARTE DA ROSA', '90543165000', 'MÃE', 1, 'PARESP', 'ROGÉRIO UGRY, 930', '51996842208', 1, 1),
(104, 'IRTOR DA ROSA JUNIOR', NULL, 'PAI', 1, 'VENÂNCIO METAL', NULL, NULL, 0, 0),

-- 105. VICTOR GABRIEL LOPES DOS SANTOS
(105, 'SANDRA ALEXANDRA DE SOUZA', '00663885035', 'MÃE', 1, 'COSUREIRA', 'EDMUNDO FEIX, 1685, BL 2, AP 202', '997019693', 1, 1),
(105, 'IDEM', NULL, 'PAI', 1, 'IDEM', NULL, NULL, 0, 0),

-- 106. VICTOR VALENTIM ZAMBIAZI
(106, 'TÁSSIA CARINE ZAMBIAZI', '01635626013', 'MÃE', 1, 'SERVIÇOS GERAIS/CLOSS', 'PANDO URUGUAY, 233', '989502214', 1, 1),
(106, 'SEM PAI REGISTRAL', NULL, 'PAI', 0, 'NÃO SABE', NULL, NULL, 0, 0),

-- 107. VICTÓRIA RAFAELLA DA SILVA
(107, 'IONICE TEREZINHA FURTADO', '01504965086', 'MÃE', 1, 'VENAX', 'AURINO GUTERRES DE CARVALHO, 1417', '995695362', 1, 1),
(107, 'JOÃO LUÍS DA SILVA', NULL, 'PAI', 1, 'VHS VIDROS', NULL, NULL, 0, 0),

-- 108. VINÍCIUS RAFAEL DA SILVA
(108, 'IONICE TEREZINHA FURTADO', '01504965086', 'MÃE', 1, 'VENAX', 'AURINO GUTERRES DE CARVALHO, 1417', '995695362', 1, 1),
(108, 'JOÃO LUÍS DA SILVA', NULL, 'PAI', 1, 'VHS VIDROS', NULL, NULL, 0, 0),

-- 109. VINÍCIUS RENAN BENDER RIBEIRO
(109, 'DAIANA SCHERER BENDER', '01016513097', 'MÃE', 1, 'MAPELLO', 'JACOB BECKER, 18', '998294058', 1, 1),
(109, 'RODRIGO EDUARDO RIBEIRO', NULL, 'PAI', 0, 'NÃO MORA JUNTO', NULL, NULL, 0, 0),

-- 110. VITOR GABRIEL DE BORBA CARDOSO
(110, 'JAQUELINE ALMEIDA DE BORBA CARDOSO', '02449088008', 'MÃE', 1, 'WINCK E GIEHL', 'AUGUSTO HANSEL, 1994', '999013603', 1, 1),
(110, 'CHALES JANTSCH', NULL, 'PAI', 1, 'CJ CAR', NULL, NULL, 0, 0),

-- 111. VITORIA CHRISTINA DA SILVA OLIVEIRA
(111, 'MAURA LUCIA DA SILVA SANTOS', '76547205215', 'MÃE', 1, 'VENÂNCIO METAL', 'GUIDO PAULO SCHMIDT, 1150', '999265566', 1, 1),
(111, 'ZALOAR PEREIRA DE OLIVEIRA', NULL, 'PAI', 1, 'IMEC - REP.', NULL, NULL, 0, 0),

-- 112. VITÓRIA XAVIER
(112, 'CLEUSA PADILHA', '02447798059', 'MÃE', 1, 'IDEM', 'AUGUSTO SILVEIRA DE MORAES, 3501, BL 14, AP 302', '992468929', 1, 1),
(112, 'IDEM', NULL, 'PAI', 1, 'IDEM', NULL, NULL, 0, 0),

-- 113. WILIAM CRISTIAN HÜTTHER
(113, 'MARIA LUÍSA SCHOATZ', '00436273071', 'MÃE', 1, 'REFRIMATE', '3, 575', '994605150', 1, 1),
(113, 'CELSO CRISTIANO HÜTTER', NULL, 'PAI', 0, 'POA - NÃO MORA JUNTO', NULL, NULL, 0, 0),

-- 114. YURI GABRIEL DUTRA DA ROSA
(114, 'ANALÚ RAFAELA DA ROSA', '85406473034', 'MÃE', 1, 'IDEM', 'FÉLIZ DA CUNHA, 1225, AP 105', '98939214', 1, 1),
(114, 'IDEM', NULL, 'PAI', 0, 'IDEM', NULL, NULL, 0, 0),

-- 115. YURI GUILHERME DIOGO
(115, 'ELIANE BEATRIZ DOS SANTOS DIOGO', '58652590087', 'MÃE', 1, 'DIARISTA/RECICLADORA', 'A, 4077', '993288230', 1, 1),
(115, 'JORLE ALEXANDRE DIOGO', NULL, 'PAI', 0, 'FALECIDO', NULL, NULL, 0, 0);

ALTER TABLE aluno 
MODIFY COLUMN form_acesso VARCHAR(25) NOT NULL;

-- --- ADMIN TESTE (Senha em Texto Puro para Ambientes Sem BCrypt Estável) ---
-- IMPORTANTE: No teu AdministradorService atual, a lógica espera o HASH.
-- Se o teu login ainda estiver usando a comparação de String para "123", use o nome "Usuario Teste".
INSERT INTO administrador (pk_cod_admin, senha, telefone, nome)
VALUES (2, '123', '51987654321', 'Usuario Teste'); 

ALTER TABLE administrador -- agora com as permissoes dos usuários.
ADD COLUMN perm_saude TINYINT(1) NOT NULL DEFAULT 0,
ADD COLUMN perm_social TINYINT(1) NOT NULL DEFAULT 0,
ADD COLUMN perm_admin TINYINT(1) NOT NULL DEFAULT 0;

UPDATE administrador 
SET perm_admin = 1, perm_saude = 1, perm_social = 1
WHERE nome = 'Admin Principal';

INSERT INTO administrador (nome, telefone, senha, perm_saude, perm_social, perm_admin) 
VALUES (
    'Enfermeira', 
    '51999991111', 
    '$2a$10$Q3uUCzp8pe5ttMF6HrXD.ey3UzCQHQnXQLbhrLxsGdlglvpeJY2c2', -- Hash de "123456"
    1, -- perm_saude (TEM ACESSO)
    0, -- perm_social (SEM ACESSO)
    0  -- perm_admin (SEM ACESSO)
);
